"Var1","Var2","Freq","SurveyName","Country","StartYear"
"Married","Current User",0.218678907035508,"AFIR70FL.DTA","Afghanistan",2015
"MISSING","Current User",0.000140855333037483,"AFIR70FL.DTA","Afghanistan",2015
"UMNSA","Current User",0.000145603372780693,"AFIR70FL.DTA","Afghanistan",2015
"UMSA","Current User",0,"AFIR70FL.DTA","Afghanistan",2015
"Married","Former User",0.115861481739956,"AFIR70FL.DTA","Afghanistan",2015
"MISSING","Former User",0.000150869351489901,"AFIR70FL.DTA","Afghanistan",2015
"UMNSA","Former User",0.00382171790143759,"AFIR70FL.DTA","Afghanistan",2015
"UMSA","Former User",0.000103711312427291,"AFIR70FL.DTA","Afghanistan",2015
"Married","Never Used",0.638641482591968,"AFIR70FL.DTA","Afghanistan",2015
"MISSING","Never Used",0.000271385965706579,"AFIR70FL.DTA","Afghanistan",2015
"UMNSA","Never Used",0.0213261881791417,"AFIR70FL.DTA","Afghanistan",2015
"UMSA","Never Used",0.00085779721654737,"AFIR70FL.DTA","Afghanistan",2015
"Married","Current User",0.0756150810749541,"AOIR71FL.DTA","Angola",2015
"UMNSA","Current User",0.0278803358565157,"AOIR71FL.DTA","Angola",2015
"UMSA","Current User",0.0295995375107109,"AOIR71FL.DTA","Angola",2015
"Married","Former User",0.0686761622817334,"AOIR71FL.DTA","Angola",2015
"UMNSA","Former User",0.0291587978978183,"AOIR71FL.DTA","Angola",2015
"UMSA","Former User",0.0120801559975438,"AOIR71FL.DTA","Angola",2015
"Married","Never Used",0.409057675667091,"AOIR71FL.DTA","Angola",2015
"UMNSA","Never Used",0.286808573327709,"AOIR71FL.DTA","Angola",2015
"UMSA","Never Used",0.0611236803859234,"AOIR71FL.DTA","Angola",2015
"Married","Current User",0.336036039614843,"AMIR61FL.DTA","Armenia",2010
"UMNSA","Current User",0.00115209202485608,"AMIR61FL.DTA","Armenia",2010
"UMSA","Current User",0.00157473184070106,"AMIR61FL.DTA","Armenia",2010
"Married","Former User",0.102667601896878,"AMIR61FL.DTA","Armenia",2010
"UMNSA","Former User",0.023000208785038,"AMIR61FL.DTA","Armenia",2010
"UMSA","Former User",0.000359932284870262,"AMIR61FL.DTA","Armenia",2010
"Married","Never Used",0.173528304907429,"AMIR61FL.DTA","Armenia",2010
"UMNSA","Never Used",0.360237162950704,"AMIR61FL.DTA","Armenia",2010
"UMSA","Never Used",0.00144392569468116,"AMIR61FL.DTA","Armenia",2010
"Married","Current User",0.363986172321082,"AMIR71FL.DTA","Armenia",2015
"MISSING","Current User",0,"AMIR71FL.DTA","Armenia",2015
"UMNSA","Current User",0.00156754644044856,"AMIR71FL.DTA","Armenia",2015
"UMSA","Current User",0.00160723627052608,"AMIR71FL.DTA","Armenia",2015
"Married","Former User",0.0968975173056005,"AMIR71FL.DTA","Armenia",2015
"MISSING","Former User",0,"AMIR71FL.DTA","Armenia",2015
"UMNSA","Former User",0.0242242860464783,"AMIR71FL.DTA","Armenia",2015
"UMSA","Former User",0.000118407129210225,"AMIR71FL.DTA","Armenia",2015
"Married","Never Used",0.176021450187117,"AMIR71FL.DTA","Armenia",2015
"MISSING","Never Used",0.000511349739979667,"AMIR71FL.DTA","Armenia",2015
"UMNSA","Never Used",0.335066034559558,"AMIR71FL.DTA","Armenia",2015
"UMSA","Never Used",0,"AMIR71FL.DTA","Armenia",2015
"Married","Current User",0.573717043270195,"BDIR61FL.DTA","Bangladesh",2011
"UMNSA","Current User",0,"BDIR61FL.DTA","Bangladesh",2011
"UMSA","Current User",0,"BDIR61FL.DTA","Bangladesh",2011
"Married","Former User",0.222450608892878,"BDIR61FL.DTA","Bangladesh",2011
"UMNSA","Former User",0.0256967837324519,"BDIR61FL.DTA","Bangladesh",2011
"UMSA","Former User",0.000125831712820061,"BDIR61FL.DTA","Bangladesh",2011
"Married","Never Used",0.141084389567328,"BDIR61FL.DTA","Bangladesh",2011
"UMNSA","Never Used",0.0368757451552789,"BDIR61FL.DTA","Bangladesh",2011
"UMSA","Never Used",0.0000495976690474668,"BDIR61FL.DTA","Bangladesh",2011
"Married","Current User",0.589326804902687,"BDIR72FL.DTA","Bangladesh",2014
"UMNSA","Current User",0,"BDIR72FL.DTA","Bangladesh",2014
"UMSA","Current User",0,"BDIR72FL.DTA","Bangladesh",2014
"Married","Former User",0.204573099803005,"BDIR72FL.DTA","Bangladesh",2014
"UMNSA","Former User",0.0220399417598423,"BDIR72FL.DTA","Bangladesh",2014
"UMSA","Former User",0.0000409370213493243,"BDIR72FL.DTA","Bangladesh",2014
"Married","Never Used",0.149818542755707,"BDIR72FL.DTA","Bangladesh",2014
"UMNSA","Never Used",0.0342006737574094,"BDIR72FL.DTA","Bangladesh",2014
"UMSA","Never Used",0,"BDIR72FL.DTA","Bangladesh",2014
"Married","Current User",0.583403744616522,"BDIR7RFL.DTA","Bangladesh",2017
"UMNSA","Current User",0,"BDIR7RFL.DTA","Bangladesh",2017
"UMSA","Current User",0,"BDIR7RFL.DTA","Bangladesh",2017
"Married","Former User",0.265244022503897,"BDIR7RFL.DTA","Bangladesh",2017
"UMNSA","Former User",0.0383295017217047,"BDIR7RFL.DTA","Bangladesh",2017
"UMSA","Former User",0.000165776864564274,"BDIR7RFL.DTA","Bangladesh",2017
"Married","Never Used",0.0945844330616885,"BDIR7RFL.DTA","Bangladesh",2017
"UMNSA","Never Used",0.018272521231623,"BDIR7RFL.DTA","Bangladesh",2017
"UMSA","Never Used",0,"BDIR7RFL.DTA","Bangladesh",2017
"Married","Current User",0.0910184599723715,"BJIR61FL.DTA","Benin",2011
"UMNSA","Current User",0.0296863204661299,"BJIR61FL.DTA","Benin",2011
"UMSA","Current User",0.0192643105201521,"BJIR61FL.DTA","Benin",2011
"Married","Former User",0.0975397830901885,"BJIR61FL.DTA","Benin",2011
"UMNSA","Former User",0.0325690606160908,"BJIR61FL.DTA","Benin",2011
"UMSA","Former User",0.00800426979357964,"BJIR61FL.DTA","Benin",2011
"Married","Never Used",0.515120452809478,"BJIR61FL.DTA","Benin",2011
"UMNSA","Never Used",0.18080275072415,"BJIR61FL.DTA","Benin",2011
"UMSA","Never Used",0.0259945920078601,"BJIR61FL.DTA","Benin",2011
"Married","Current User",0.108747760952804,"BJIR71FL.DTA","Benin",2017
"UMNSA","Current User",0.019621273035026,"BJIR71FL.DTA","Benin",2017
"UMSA","Current User",0.0157601194701908,"BJIR71FL.DTA","Benin",2017
"Married","Former User",0.142752656785926,"BJIR71FL.DTA","Benin",2017
"UMNSA","Former User",0.0169461349143188,"BJIR71FL.DTA","Benin",2017
"UMSA","Former User",0.0072202948244537,"BJIR71FL.DTA","Benin",2017
"Married","Never Used",0.449666741445986,"BJIR71FL.DTA","Benin",2017
"UMNSA","Never Used",0.20730500878726,"BJIR71FL.DTA","Benin",2017
"UMSA","Never Used",0.0319800097840344,"BJIR71FL.DTA","Benin",2017
"Married","Current User",0.128408359558485,"BFIR62FL.DTA","Burkina Faso",2010
"UMNSA","Current User",0.0123196919917711,"BFIR62FL.DTA","Burkina Faso",2010
"UMSA","Current User",0.0120663524292896,"BFIR62FL.DTA","Burkina Faso",2010
"Married","Former User",0.0753819648260073,"BFIR62FL.DTA","Burkina Faso",2010
"UMNSA","Former User",0.00711187569046532,"BFIR62FL.DTA","Burkina Faso",2010
"UMSA","Former User",0.000715304459178916,"BFIR62FL.DTA","Burkina Faso",2010
"Married","Never Used",0.589974526568709,"BFIR62FL.DTA","Burkina Faso",2010
"UMNSA","Never Used",0.166776268013405,"BFIR62FL.DTA","Burkina Faso",2010
"UMSA","Never Used",0.00724565646268888,"BFIR62FL.DTA","Burkina Faso",2010
"Married","Current User",0.246627671326776,"BFIR81FL.DTA","Burkina Faso",2021
"UMNSA","Current User",0.0262668315485136,"BFIR81FL.DTA","Burkina Faso",2021
"UMSA","Current User",0.0277270320704867,"BFIR81FL.DTA","Burkina Faso",2021
"Married","Former User",0.172095156241301,"BFIR81FL.DTA","Burkina Faso",2021
"UMNSA","Former User",0.0160387781976593,"BFIR81FL.DTA","Burkina Faso",2021
"UMSA","Former User",0.00442892276194275,"BFIR81FL.DTA","Burkina Faso",2021
"Married","Never Used",0.310048708461441,"BFIR81FL.DTA","Burkina Faso",2021
"UMNSA","Never Used",0.186662110382238,"BFIR81FL.DTA","Burkina Faso",2021
"UMSA","Never Used",0.0101047890096414,"BFIR81FL.DTA","Burkina Faso",2021
"Married","Current User",0.126247653724234,"BUIR61FL.DTA","Burundi",2010
"UMNSA","Current User",0.00541554656112046,"BUIR61FL.DTA","Burundi",2010
"UMSA","Current User",0.00238623755571406,"BUIR61FL.DTA","Burundi",2010
"Married","Former User",0.0596255243660129,"BUIR61FL.DTA","Burundi",2010
"UMNSA","Former User",0.00640636813479892,"BUIR61FL.DTA","Burundi",2010
"UMSA","Former User",0.000901485757517629,"BUIR61FL.DTA","Burundi",2010
"Married","Never Used",0.391501440334343,"BUIR61FL.DTA","Burundi",2010
"UMNSA","Never Used",0.401662186152885,"BUIR61FL.DTA","Burundi",2010
"UMSA","Never Used",0.0058535574133743,"BUIR61FL.DTA","Burundi",2010
"Married","Current User",0.161683211518317,"BUIR70FL.DTA","Burundi",2016
"UMNSA","Current User",0.014219046442179,"BUIR70FL.DTA","Burundi",2016
"UMSA","Current User",0.00297132870837136,"BUIR70FL.DTA","Burundi",2016
"Married","Former User",0.143671661754018,"BUIR70FL.DTA","Burundi",2016
"UMNSA","Former User",0.0281984942325472,"BUIR70FL.DTA","Burundi",2016
"UMSA","Former User",0.00172142375636469,"BUIR70FL.DTA","Burundi",2016
"Married","Never Used",0.261073439441149,"BUIR70FL.DTA","Burundi",2016
"UMNSA","Never Used",0.383100899812887,"BUIR70FL.DTA","Burundi",2016
"UMSA","Never Used",0.00336049433416664,"BUIR70FL.DTA","Burundi",2016
"Married","Current User",0.381202482369068,"KHIR73FL.DTA","Cambodia",2014
"MISSING","Current User",0.00000997627713796308,"KHIR73FL.DTA","Cambodia",2014
"UMNSA","Current User",0.00272072976858151,"KHIR73FL.DTA","Cambodia",2014
"UMSA","Current User",0.00138928888011739,"KHIR73FL.DTA","Cambodia",2014
"Married","Former User",0.124099138364282,"KHIR73FL.DTA","Cambodia",2014
"MISSING","Former User",0.0000883242118471249,"KHIR73FL.DTA","Cambodia",2014
"UMNSA","Former User",0.0209397807495637,"KHIR73FL.DTA","Cambodia",2014
"UMSA","Former User",0.000592373362848928,"KHIR73FL.DTA","Cambodia",2014
"Married","Never Used",0.171594611157985,"KHIR73FL.DTA","Cambodia",2014
"MISSING","Never Used",0.000350745590141936,"KHIR73FL.DTA","Cambodia",2014
"UMNSA","Never Used",0.29660397753212,"KHIR73FL.DTA","Cambodia",2014
"UMSA","Never Used",0.000408571736306584,"KHIR73FL.DTA","Cambodia",2014
"Married","Current User",0.428707984796684,"KHIR81FL.DTA","Cambodia",2021
"UMNSA","Current User",0.00163600611900478,"KHIR81FL.DTA","Cambodia",2021
"UMSA","Current User",0.000881492981101263,"KHIR81FL.DTA","Cambodia",2021
"Married","Former User",0.0942229340405391,"KHIR81FL.DTA","Cambodia",2021
"UMNSA","Former User",0.0199471030267966,"KHIR81FL.DTA","Cambodia",2021
"UMSA","Former User",0.000712834485485384,"KHIR81FL.DTA","Cambodia",2021
"Married","Never Used",0.169132413654748,"KHIR81FL.DTA","Cambodia",2021
"UMNSA","Never Used",0.283537518071414,"KHIR81FL.DTA","Cambodia",2021
"UMSA","Never Used",0.00122171282422702,"KHIR81FL.DTA","Cambodia",2021
"Married","Current User",0.148322025778233,"CMIR61FL.DTA","Cameroon",2011
"MISSING","Current User",0.0000463976407865977,"CMIR61FL.DTA","Cameroon",2011
"UMNSA","Current User",0.0460796243827062,"CMIR61FL.DTA","Cameroon",2011
"UMSA","Current User",0.0424952265787828,"CMIR61FL.DTA","Cameroon",2011
"Married","Former User",0.137989555629876,"CMIR61FL.DTA","Cameroon",2011
"MISSING","Former User",0.000240077079933311,"CMIR61FL.DTA","Cameroon",2011
"UMNSA","Former User",0.0456633587233794,"CMIR61FL.DTA","Cameroon",2011
"UMSA","Former User",0.0113219554423056,"CMIR61FL.DTA","Cameroon",2011
"Married","Never Used",0.348448089256672,"CMIR61FL.DTA","Cameroon",2011
"MISSING","Never Used",0.000446030926041781,"CMIR61FL.DTA","Cameroon",2011
"UMNSA","Never Used",0.200278997163278,"CMIR61FL.DTA","Cameroon",2011
"UMSA","Never Used",0.018668661398005,"CMIR61FL.DTA","Cameroon",2011
"Married","Current User",0.109973779099069,"CMIR71FL.DTA","Cameroon",2018
"MISSING","Current User",0,"CMIR71FL.DTA","Cameroon",2018
"UMNSA","Current User",0.0385427716698803,"CMIR71FL.DTA","Cameroon",2018
"UMSA","Current User",0.0466375417227851,"CMIR71FL.DTA","Cameroon",2018
"Married","Former User",0.0976846588547872,"CMIR71FL.DTA","Cameroon",2018
"MISSING","Former User",0.0000552942221924151,"CMIR71FL.DTA","Cameroon",2018
"UMNSA","Former User",0.0395608848315857,"CMIR71FL.DTA","Cameroon",2018
"UMSA","Former User",0.0182199833140533,"CMIR71FL.DTA","Cameroon",2018
"Married","Never Used",0.36141094867576,"CMIR71FL.DTA","Cameroon",2018
"MISSING","Never Used",0.000162419745352844,"CMIR71FL.DTA","Cameroon",2018
"UMNSA","Never Used",0.254584705342386,"CMIR71FL.DTA","Cameroon",2018
"UMSA","Never Used",0.0331670125221477,"CMIR71FL.DTA","Cameroon",2018
"Married","Current User",0.0422935576953314,"TDIR71FL.DTA","Chad",2014
"MISSING","Current User",0.0000890520346346853,"TDIR71FL.DTA","Chad",2014
"UMNSA","Current User",0.00692607427798383,"TDIR71FL.DTA","Chad",2014
"UMSA","Current User",0.00424096710201357,"TDIR71FL.DTA","Chad",2014
"Married","Former User",0.0247853341312106,"TDIR71FL.DTA","Chad",2014
"MISSING","Former User",0.0000207358203281213,"TDIR71FL.DTA","Chad",2014
"UMNSA","Former User",0.00619269632133084,"TDIR71FL.DTA","Chad",2014
"UMSA","Former User",0.000994861900722522,"TDIR71FL.DTA","Chad",2014
"Married","Never Used",0.681414894573446,"TDIR71FL.DTA","Chad",2014
"MISSING","Never Used",0.000926584232609352,"TDIR71FL.DTA","Chad",2014
"UMNSA","Never Used",0.217435670699886,"TDIR71FL.DTA","Chad",2014
"UMSA","Never Used",0.0146795712105035,"TDIR71FL.DTA","Chad",2014
"Married","Current User",0.118495197155445,"KMIR61FL.DTA","Comoros",2012
"UMNSA","Current User",0.00818654120484583,"KMIR61FL.DTA","Comoros",2012
"UMSA","Current User",0.00989537892778946,"KMIR61FL.DTA","Comoros",2012
"Married","Former User",0.071626208754862,"KMIR61FL.DTA","Comoros",2012
"UMNSA","Former User",0.00904474389076866,"KMIR61FL.DTA","Comoros",2012
"UMSA","Former User",0.00142513345620522,"KMIR61FL.DTA","Comoros",2012
"Married","Never Used",0.421819552764155,"KMIR61FL.DTA","Comoros",2012
"UMNSA","Never Used",0.354526968248745,"KMIR61FL.DTA","Comoros",2012
"UMSA","Never Used",0.00498027559718453,"KMIR61FL.DTA","Comoros",2012
"Married","Current User",0.260037368801117,"CGIR60FL.DTA","Congo",2011
"UMNSA","Current User",0.0856670526270751,"CGIR60FL.DTA","Congo",2011
"UMSA","Current User",0.0977182822019921,"CGIR60FL.DTA","Congo",2011
"Married","Former User",0.147990209001588,"CGIR60FL.DTA","Congo",2011
"UMNSA","Former User",0.0528371866157772,"CGIR60FL.DTA","Congo",2011
"UMSA","Former User",0.0135476480028279,"CGIR60FL.DTA","Congo",2011
"Married","Never Used",0.173279582374313,"CGIR60FL.DTA","Congo",2011
"UMNSA","Never Used",0.142550294139157,"CGIR60FL.DTA","Congo",2011
"UMSA","Never Used",0.0263723762361517,"CGIR60FL.DTA","Congo",2011
"Married","Current User",0.131278716990719,"CDIR61FL.DTA","Congo Democratic Republic",2013
"MISSING","Current User",0,"CDIR61FL.DTA","Congo Democratic Republic",2013
"UMNSA","Current User",0.0319475719102616,"CDIR61FL.DTA","Congo Democratic Republic",2013
"UMSA","Current User",0.0293251504795847,"CDIR61FL.DTA","Congo Democratic Republic",2013
"Married","Former User",0.103730211711461,"CDIR61FL.DTA","Congo Democratic Republic",2013
"MISSING","Former User",0,"CDIR61FL.DTA","Congo Democratic Republic",2013
"UMNSA","Former User",0.0287694860052476,"CDIR61FL.DTA","Congo Democratic Republic",2013
"UMSA","Former User",0.00663673217702538,"CDIR61FL.DTA","Congo Democratic Republic",2013
"Married","Never Used",0.407447587601954,"CDIR61FL.DTA","Congo Democratic Republic",2013
"MISSING","Never Used",0.000714136563179707,"CDIR61FL.DTA","Congo Democratic Republic",2013
"UMNSA","Never Used",0.226962021130876,"CDIR61FL.DTA","Congo Democratic Republic",2013
"UMSA","Never Used",0.0331883854296904,"CDIR61FL.DTA","Congo Democratic Republic",2013
"Married","Current User",0.114045784095549,"CIIR62FL.DTA","Cote d'Ivoire",2011
"MISSING","Current User",0.000130457754957474,"CIIR62FL.DTA","Cote d'Ivoire",2011
"UMNSA","Current User",0.0373767603639116,"CIIR62FL.DTA","Cote d'Ivoire",2011
"UMSA","Current User",0.0458962621503155,"CIIR62FL.DTA","Cote d'Ivoire",2011
"Married","Former User",0.117093519617163,"CIIR62FL.DTA","Cote d'Ivoire",2011
"MISSING","Former User",0.000391433503441692,"CIIR62FL.DTA","Cote d'Ivoire",2011
"UMNSA","Former User",0.0381847438720736,"CIIR62FL.DTA","Cote d'Ivoire",2011
"UMSA","Former User",0.0165693200684794,"CIIR62FL.DTA","Cote d'Ivoire",2011
"Married","Never Used",0.395956771882612,"CIIR62FL.DTA","Cote d'Ivoire",2011
"MISSING","Never Used",0.0012169455406294,"CIIR62FL.DTA","Cote d'Ivoire",2011
"UMNSA","Never Used",0.179084291691412,"CIIR62FL.DTA","Cote d'Ivoire",2011
"UMSA","Never Used",0.0540537094594555,"CIIR62FL.DTA","Cote d'Ivoire",2011
"Married","Current User",0.129118428011146,"CIIR81FL.DTA","Cote d'Ivoire",2021
"UMNSA","Current User",0.04134011196669,"CIIR81FL.DTA","Cote d'Ivoire",2021
"UMSA","Current User",0.0500144049405761,"CIIR81FL.DTA","Cote d'Ivoire",2021
"Married","Former User",0.099675822785414,"CIIR81FL.DTA","Cote d'Ivoire",2021
"UMNSA","Former User",0.0293377836886666,"CIIR81FL.DTA","Cote d'Ivoire",2021
"UMSA","Former User",0.0129854849672005,"CIIR81FL.DTA","Cote d'Ivoire",2021
"Married","Never Used",0.386470636721588,"CIIR81FL.DTA","Cote d'Ivoire",2021
"UMNSA","Never Used",0.213641962095877,"CIIR81FL.DTA","Cote d'Ivoire",2021
"UMSA","Never Used",0.0374153648228416,"CIIR81FL.DTA","Cote d'Ivoire",2021
"Married","Current User",0.388310432867592,"DRIR61FL.DTA","Dominican Republic",2013
"MISSING","Current User",0.000505501600350352,"DRIR61FL.DTA","Dominican Republic",2013
"UMNSA","Current User",0.0888093452553961,"DRIR61FL.DTA","Dominican Republic",2013
"UMSA","Current User",0.0731601603479001,"DRIR61FL.DTA","Dominican Republic",2013
"Married","Former User",0.103191946189759,"DRIR61FL.DTA","Dominican Republic",2013
"MISSING","Former User",0.000273675309344748,"DRIR61FL.DTA","Dominican Republic",2013
"UMNSA","Former User",0.0819521807249406,"DRIR61FL.DTA","Dominican Republic",2013
"UMSA","Former User",0.0249165009523315,"DRIR61FL.DTA","Dominican Republic",2013
"Married","Never Used",0.0489280465058916,"DRIR61FL.DTA","Dominican Republic",2013
"MISSING","Never Used",0.000185218203099055,"DRIR61FL.DTA","Dominican Republic",2013
"UMNSA","Never Used",0.18089033060791,"DRIR61FL.DTA","Dominican Republic",2013
"UMSA","Never Used",0.00887666143548549,"DRIR61FL.DTA","Dominican Republic",2013
"Married","Current User",0.550216062391678,"EGIR61FL.DTA","Egypt",2014
"MISSING","Current User",0,"EGIR61FL.DTA","Egypt",2014
"Married","Former User",0.221572834308473,"EGIR61FL.DTA","Egypt",2014
"MISSING","Former User",0.0337480556058952,"EGIR61FL.DTA","Egypt",2014
"Married","Never Used",0.168359727601449,"EGIR61FL.DTA","Egypt",2014
"MISSING","Never Used",0.026103320092505,"EGIR61FL.DTA","Egypt",2014
"Married","Current User",0.178240748127824,"ETIR61FL.DTA","Ethiopia",2011
"UMNSA","Current User",0.010806309719696,"ETIR61FL.DTA","Ethiopia",2011
"UMSA","Current User",0.00675069078185766,"ETIR61FL.DTA","Ethiopia",2011
"Married","Former User",0.109966809782852,"ETIR61FL.DTA","Ethiopia",2011
"UMNSA","Former User",0.0287436319936457,"ETIR61FL.DTA","Ethiopia",2011
"UMSA","Former User",0.00169040032189554,"ETIR61FL.DTA","Ethiopia",2011
"Married","Never Used",0.334705683293367,"ETIR61FL.DTA","Ethiopia",2011
"UMNSA","Never Used",0.325837360879902,"ETIR61FL.DTA","Ethiopia",2011
"UMSA","Never Used",0.00325836509895939,"ETIR61FL.DTA","Ethiopia",2011
"Married","Current User",0.233918573235135,"ETIR70FL.DTA","Ethiopia",2016
"UMNSA","Current User",0.0134362438913456,"ETIR70FL.DTA","Ethiopia",2016
"UMSA","Current User",0.00605147667695242,"ETIR70FL.DTA","Ethiopia",2016
"Married","Former User",0.143877492118986,"ETIR70FL.DTA","Ethiopia",2016
"UMNSA","Former User",0.0311463474647053,"ETIR70FL.DTA","Ethiopia",2016
"UMSA","Former User",0.00112187002347618,"ETIR70FL.DTA","Ethiopia",2016
"Married","Never Used",0.274072480261987,"ETIR70FL.DTA","Ethiopia",2016
"UMNSA","Never Used",0.293189211870233,"ETIR70FL.DTA","Ethiopia",2016
"UMSA","Never Used",0.00318630445717972,"ETIR70FL.DTA","Ethiopia",2016
"Married","Current User",0.165481968556363,"GAIR60FL.DTA","Gabon",2012
"UMNSA","Current User",0.0723304299760502,"GAIR60FL.DTA","Gabon",2012
"UMSA","Current User",0.0982820350961886,"GAIR60FL.DTA","Gabon",2012
"Married","Former User",0.122431565503591,"GAIR60FL.DTA","Gabon",2012
"UMNSA","Former User",0.0482784063381187,"GAIR60FL.DTA","Gabon",2012
"UMSA","Former User",0.0227012930308437,"GAIR60FL.DTA","Gabon",2012
"Married","Never Used",0.243415976746289,"GAIR60FL.DTA","Gabon",2012
"UMNSA","Never Used",0.173703661390889,"GAIR60FL.DTA","Gabon",2012
"UMSA","Never Used",0.0533746633616667,"GAIR60FL.DTA","Gabon",2012
"Married","Current User",0.0595022353238115,"GMIR60FL.DTA","Gambia",2013
"UMNSA","Current User",0.0086142429776832,"GMIR60FL.DTA","Gambia",2013
"UMSA","Current User",0.0031351180188005,"GMIR60FL.DTA","Gambia",2013
"Married","Former User",0.0744395689250289,"GMIR60FL.DTA","Gambia",2013
"UMNSA","Former User",0.0082860558514749,"GMIR60FL.DTA","Gambia",2013
"UMSA","Former User",0.000685800616891385,"GMIR60FL.DTA","Gambia",2013
"Married","Never Used",0.529713389919876,"GMIR60FL.DTA","Gambia",2013
"UMNSA","Never Used",0.312284850596369,"GMIR60FL.DTA","Gambia",2013
"UMSA","Never Used",0.00333873777006439,"GMIR60FL.DTA","Gambia",2013
"Married","Current User",0.119958838179346,"GMIR81FL.DTA","Gambia",2019
"UMNSA","Current User",0.0109362646899969,"GMIR81FL.DTA","Gambia",2019
"UMSA","Current User",0.00329754742223998,"GMIR81FL.DTA","Gambia",2019
"Married","Former User",0.157782660757618,"GMIR81FL.DTA","Gambia",2019
"UMNSA","Former User",0.025733930407644,"GMIR81FL.DTA","Gambia",2019
"UMSA","Former User",0.00199502461860524,"GMIR81FL.DTA","Gambia",2019
"Married","Never Used",0.35655369733061,"GMIR81FL.DTA","Gambia",2019
"UMNSA","Never Used",0.321023514964279,"GMIR81FL.DTA","Gambia",2019
"UMSA","Never Used",0.00271852162966086,"GMIR81FL.DTA","Gambia",2019
"Married","Current User",0.151071134042262,"GHIR72FL.DTA","Ghana",2014
"MISSING","Current User",0,"GHIR72FL.DTA","Ghana",2014
"UMNSA","Current User",0.0427676272297027,"GHIR72FL.DTA","Ghana",2014
"UMSA","Current User",0.0342369366920322,"GHIR72FL.DTA","Ghana",2014
"Married","Former User",0.143898609839976,"GHIR72FL.DTA","Ghana",2014
"MISSING","Former User",0,"GHIR72FL.DTA","Ghana",2014
"UMNSA","Former User",0.0532227866733194,"GHIR72FL.DTA","Ghana",2014
"UMSA","Former User",0.0151901618496399,"GHIR72FL.DTA","Ghana",2014
"Married","Never Used",0.271386757819806,"GHIR72FL.DTA","Ghana",2014
"MISSING","Never Used",0.0000912269042601285,"GHIR72FL.DTA","Ghana",2014
"UMNSA","Never Used",0.260769251102187,"GHIR72FL.DTA","Ghana",2014
"UMSA","Never Used",0.0273655078468138,"GHIR72FL.DTA","Ghana",2014
"Married","Current User",0.351461193795203,"GUIR71FL.DTA","Guatemala",2014
"UMNSA","Current User",0.0234996186278677,"GUIR71FL.DTA","Guatemala",2014
"UMSA","Current User",0.0190980797580002,"GUIR71FL.DTA","Guatemala",2014
"Married","Former User",0.103551720572431,"GUIR71FL.DTA","Guatemala",2014
"UMNSA","Former User",0.0491329877631032,"GUIR71FL.DTA","Guatemala",2014
"UMSA","Former User",0.00361640952393658,"GUIR71FL.DTA","Guatemala",2014
"Married","Never Used",0.124757218044881,"GUIR71FL.DTA","Guatemala",2014
"UMNSA","Never Used",0.31942980613931,"GUIR71FL.DTA","Guatemala",2014
"UMSA","Never Used",0.00545296577526668,"GUIR71FL.DTA","Guatemala",2014
"Married","Current User",0.0410845780544227,"GNIR62FL.DTA","Guinea",2012
"MISSING","Current User",0,"GNIR62FL.DTA","Guinea",2012
"UMNSA","Current User",0.023321491657344,"GNIR62FL.DTA","Guinea",2012
"UMSA","Current User",0.0206147597132314,"GNIR62FL.DTA","Guinea",2012
"Married","Former User",0.0561227495055393,"GNIR62FL.DTA","Guinea",2012
"MISSING","Former User",0,"GNIR62FL.DTA","Guinea",2012
"UMNSA","Former User",0.00886199282628734,"GNIR62FL.DTA","Guinea",2012
"UMSA","Former User",0.00342257477002975,"GNIR62FL.DTA","Guinea",2012
"Married","Never Used",0.638545050444893,"GNIR62FL.DTA","Guinea",2012
"MISSING","Never Used",0.000766238692036555,"GNIR62FL.DTA","Guinea",2012
"UMNSA","Never Used",0.188967285083654,"GNIR62FL.DTA","Guinea",2012
"UMSA","Never Used",0.0182932792525623,"GNIR62FL.DTA","Guinea",2012
"Married","Current User",0.077221338274576,"GNIR71FL.DTA","Guinea",2018
"UMNSA","Current User",0.0175695534093305,"GNIR71FL.DTA","Guinea",2018
"UMSA","Current User",0.0228445200482949,"GNIR71FL.DTA","Guinea",2018
"Married","Former User",0.0751488984096516,"GNIR71FL.DTA","Guinea",2018
"UMNSA","Former User",0.0117440687434926,"GNIR71FL.DTA","Guinea",2018
"UMSA","Former User",0.0026324516383877,"GNIR71FL.DTA","Guinea",2018
"Married","Never Used",0.558242942483234,"GNIR71FL.DTA","Guinea",2018
"UMNSA","Never Used",0.218452615469185,"GNIR71FL.DTA","Guinea",2018
"UMSA","Never Used",0.0161436115238476,"GNIR71FL.DTA","Guinea",2018
"Married","Current User",0.413385400618274,"HNIR62FL.DTA","Honduras",2011
"UMNSA","Current User",0.0409235431585899,"HNIR62FL.DTA","Honduras",2011
"UMSA","Current User",0.0342709144099666,"HNIR62FL.DTA","Honduras",2011
"Married","Former User",0.115553359164695,"HNIR62FL.DTA","Honduras",2011
"UMNSA","Former User",0.111583863877179,"HNIR62FL.DTA","Honduras",2011
"UMSA","Former User",0.00774644924654037,"HNIR62FL.DTA","Honduras",2011
"Married","Never Used",0.0355745183597286,"HNIR62FL.DTA","Honduras",2011
"UMNSA","Never Used",0.238777493321639,"HNIR62FL.DTA","Honduras",2011
"UMSA","Never Used",0.0021844578433884,"HNIR62FL.DTA","Honduras",2011
"Married","Current User",0.391304247792519,"IAIR73FL.DTA","India",2015
"MISSING","Current User",0.0000209386496257336,"IAIR73FL.DTA","India",2015
"UMNSA","Current User",0.0162710882947183,"IAIR73FL.DTA","India",2015
"UMSA","Current User",0.000142579402780433,"IAIR73FL.DTA","India",2015
"Married","Former User",0.0853301470349228,"IAIR73FL.DTA","India",2015
"MISSING","Former User",0.00000669309518934098,"IAIR73FL.DTA","India",2015
"UMNSA","Former User",0.00636054751791085,"IAIR73FL.DTA","India",2015
"UMSA","Former User",0.0000374785032194948,"IAIR73FL.DTA","India",2015
"Married","Never Used",0.25422593067556,"IAIR73FL.DTA","India",2015
"MISSING","Never Used",0.000400640806074242,"IAIR73FL.DTA","India",2015
"UMNSA","Never Used",0.245734003199773,"IAIR73FL.DTA","India",2015
"UMSA","Never Used",0.000165705027706819,"IAIR73FL.DTA","India",2015
"Married","Current User",0.480317971090203,"IAIR7DFL.DTA","India",2019
"MISSING","Current User",0.0175351759665086,"IAIR7DFL.DTA","India",2019
"UMNSA","Current User",0.00307435254744629,"IAIR7DFL.DTA","India",2019
"UMSA","Current User",0.000271487259363542,"IAIR7DFL.DTA","India",2019
"Married","Former User",0.0958210166801718,"IAIR7DFL.DTA","India",2019
"MISSING","Former User",0.010308639133202,"IAIR7DFL.DTA","India",2019
"UMNSA","Former User",0.00179499453370035,"IAIR7DFL.DTA","India",2019
"UMSA","Former User",0.0000476912989888781,"IAIR7DFL.DTA","India",2019
"Married","Never Used",0.143845979293987,"IAIR7DFL.DTA","India",2019
"MISSING","Never Used",0.0157985664710412,"IAIR7DFL.DTA","India",2019
"UMNSA","Never Used",0.231112756549288,"IAIR7DFL.DTA","India",2019
"UMSA","Never Used",0.0000713691760992551,"IAIR7DFL.DTA","India",2019
"Married","Current User",0.453961149760574,"IDIR63FL.DTA","Indonesia",2012
"MISSING","Current User",0,"IDIR63FL.DTA","Indonesia",2012
"UMNSA","Current User",0.00256223735440465,"IDIR63FL.DTA","Indonesia",2012
"UMSA","Current User",0.000197078344960955,"IDIR63FL.DTA","Indonesia",2012
"Married","Former User",0.169225098241954,"IDIR63FL.DTA","Indonesia",2012
"MISSING","Former User",0.000153437828868851,"IDIR63FL.DTA","Indonesia",2012
"UMNSA","Former User",0.0290607123817665,"IDIR63FL.DTA","Indonesia",2012
"UMSA","Former User",0.000122185520835662,"IDIR63FL.DTA","Indonesia",2012
"Married","Never Used",0.11058520356795,"IDIR63FL.DTA","Indonesia",2012
"MISSING","Never Used",0.000326701868799834,"IDIR63FL.DTA","Indonesia",2012
"UMNSA","Never Used",0.233388549128906,"IDIR63FL.DTA","Indonesia",2012
"UMSA","Never Used",0.000417646000978814,"IDIR63FL.DTA","Indonesia",2012
"Married","Current User",0.45732158921242,"IDIR71FL.DTA","Indonesia",2017
"MISSING","Current User",0,"IDIR71FL.DTA","Indonesia",2017
"UMNSA","Current User",0.00233489636094212,"IDIR71FL.DTA","Indonesia",2017
"UMSA","Current User",0.000357408029115358,"IDIR71FL.DTA","Indonesia",2017
"Married","Former User",0.170533128004699,"IDIR71FL.DTA","Indonesia",2017
"MISSING","Former User",0.00011567314333813,"IDIR71FL.DTA","Indonesia",2017
"UMNSA","Former User",0.0317663222276062,"IDIR71FL.DTA","Indonesia",2017
"UMSA","Former User",0.000252531146036386,"IDIR71FL.DTA","Indonesia",2017
"Married","Never Used",0.0911199775025205,"IDIR71FL.DTA","Indonesia",2017
"MISSING","Never Used",0.000468434850826313,"IDIR71FL.DTA","Indonesia",2017
"UMNSA","Never Used",0.245188270759615,"IDIR71FL.DTA","Indonesia",2017
"UMSA","Never Used",0.000541768762880916,"IDIR71FL.DTA","Indonesia",2017
"Married","Current User",0.582052244247933,"JOIR6CFL.DTA","Jordan",2012
"MISSING","Current User",0,"JOIR6CFL.DTA","Jordan",2012
"UMNSA","Current User",0.000716665079275315,"JOIR6CFL.DTA","Jordan",2012
"UMSA","Current User",0.0000366539815868295,"JOIR6CFL.DTA","Jordan",2012
"Married","Former User",0.210550821362278,"JOIR6CFL.DTA","Jordan",2012
"MISSING","Former User",0,"JOIR6CFL.DTA","Jordan",2012
"UMNSA","Former User",0.019172926485479,"JOIR6CFL.DTA","Jordan",2012
"UMSA","Former User",0,"JOIR6CFL.DTA","Jordan",2012
"Married","Never Used",0.158865228202235,"JOIR6CFL.DTA","Jordan",2012
"MISSING","Never Used",0.000163675475283394,"JOIR6CFL.DTA","Jordan",2012
"UMNSA","Never Used",0.0284417851659294,"JOIR6CFL.DTA","Jordan",2012
"UMSA","Never Used",0,"JOIR6CFL.DTA","Jordan",2012
"Married","Current User",0.480412539132099,"JOIR72FL.DTA","Jordan",2017
"UMNSA","Current User",0.000934215422619447,"JOIR72FL.DTA","Jordan",2017
"UMSA","Current User",0,"JOIR72FL.DTA","Jordan",2017
"Married","Former User",0.185074899919837,"JOIR72FL.DTA","Jordan",2017
"UMNSA","Former User",0.0247421100197668,"JOIR72FL.DTA","Jordan",2017
"UMSA","Former User",0.000591554647498166,"JOIR72FL.DTA","Jordan",2017
"Married","Never Used",0.261465575870234,"JOIR72FL.DTA","Jordan",2017
"UMNSA","Never Used",0.0436621234954047,"JOIR72FL.DTA","Jordan",2017
"UMSA","Never Used",0.00311698149254083,"JOIR72FL.DTA","Jordan",2017
"Married","Current User",0.345997604228389,"KEIR72FL.DTA","Kenya",2014
"MISSING","Current User",0.0402799353694946,"KEIR72FL.DTA","Kenya",2014
"UMNSA","Current User",0.027770343571589,"KEIR72FL.DTA","Kenya",2014
"UMSA","Current User",0.0119002868661182,"KEIR72FL.DTA","Kenya",2014
"Married","Former User",0.113977959114737,"KEIR72FL.DTA","Kenya",2014
"MISSING","Former User",0.0443706818810387,"KEIR72FL.DTA","Kenya",2014
"UMNSA","Former User",0.0357182862555279,"KEIR72FL.DTA","Kenya",2014
"UMSA","Former User",0.00345336197620297,"KEIR72FL.DTA","Kenya",2014
"Married","Never Used",0.136865402374224,"KEIR72FL.DTA","Kenya",2014
"MISSING","Never Used",0.0535511277970464,"KEIR72FL.DTA","Kenya",2014
"UMNSA","Never Used",0.183099916551141,"KEIR72FL.DTA","Kenya",2014
"UMSA","Never Used",0.00301509401449149,"KEIR72FL.DTA","Kenya",2014
"Married","Current User",0.34658777986935,"KEIR8BFL.DTA","Kenya",2022
"MISSING","Current User",0.0555048838068043,"KEIR8BFL.DTA","Kenya",2022
"UMNSA","Current User",0.0448719528524381,"KEIR8BFL.DTA","Kenya",2022
"UMSA","Current User",0.019110984438282,"KEIR8BFL.DTA","Kenya",2022
"Married","Former User",0.129043417200853,"KEIR8BFL.DTA","Kenya",2022
"MISSING","Former User",0.0442873544349615,"KEIR8BFL.DTA","Kenya",2022
"UMNSA","Former User",0.0421924668255164,"KEIR8BFL.DTA","Kenya",2022
"UMSA","Former User",0.00472899460981884,"KEIR8BFL.DTA","Kenya",2022
"Married","Never Used",0.0785918776692622,"KEIR8BFL.DTA","Kenya",2022
"MISSING","Never Used",0.0416373880306756,"KEIR8BFL.DTA","Kenya",2022
"UMNSA","Never Used",0.190137167385636,"KEIR8BFL.DTA","Kenya",2022
"UMSA","Never Used",0.0033057328764019,"KEIR8BFL.DTA","Kenya",2022
"Married","Current User",0.232380723625271,"KYIR61FL.DTA","Kyrgyz Republic",2012
"MISSING","Current User",0,"KYIR61FL.DTA","Kyrgyz Republic",2012
"UMNSA","Current User",0.00602686586912549,"KYIR61FL.DTA","Kyrgyz Republic",2012
"UMSA","Current User",0.00560592009257682,"KYIR61FL.DTA","Kyrgyz Republic",2012
"Married","Former User",0.111913183897372,"KYIR61FL.DTA","Kyrgyz Republic",2012
"MISSING","Former User",0,"KYIR61FL.DTA","Kyrgyz Republic",2012
"UMNSA","Former User",0.0215142432531998,"KYIR61FL.DTA","Kyrgyz Republic",2012
"UMSA","Former User",0.000979342452027684,"KYIR61FL.DTA","Kyrgyz Republic",2012
"Married","Never Used",0.296016692193638,"KYIR61FL.DTA","Kyrgyz Republic",2012
"MISSING","Never Used",0.0000706073329574377,"KYIR61FL.DTA","Kyrgyz Republic",2012
"UMNSA","Never Used",0.32017686582995,"KYIR61FL.DTA","Kyrgyz Republic",2012
"UMSA","Never Used",0.00531555545388131,"KYIR61FL.DTA","Kyrgyz Republic",2012
"Married","Current User",0.328172855316343,"LSIR71FL.DTA","Lesotho",2014
"UMNSA","Current User",0.111430732235114,"LSIR71FL.DTA","Lesotho",2014
"UMSA","Current User",0.0491931302983873,"LSIR71FL.DTA","Lesotho",2014
"Married","Former User",0.127752268543479,"LSIR71FL.DTA","Lesotho",2014
"UMNSA","Former User",0.0844721873804516,"LSIR71FL.DTA","Lesotho",2014
"UMSA","Former User",0.0102696279360866,"LSIR71FL.DTA","Lesotho",2014
"Married","Never Used",0.0896605153196388,"LSIR71FL.DTA","Lesotho",2014
"UMNSA","Never Used",0.192419834705194,"LSIR71FL.DTA","Lesotho",2014
"UMSA","Never Used",0.00662884826530534,"LSIR71FL.DTA","Lesotho",2014
"Married","Current User",0.11795317479646,"LBIR6AFL.DTA","Liberia",2013
"UMNSA","Current User",0.0374940561328383,"LBIR6AFL.DTA","Liberia",2013
"UMSA","Current User",0.0618116060772547,"LBIR6AFL.DTA","Liberia",2013
"Married","Former User",0.101141441555549,"LBIR6AFL.DTA","Liberia",2013
"UMNSA","Former User",0.0236951276988972,"LBIR6AFL.DTA","Liberia",2013
"UMSA","Former User",0.0214027338829695,"LBIR6AFL.DTA","Liberia",2013
"Married","Never Used",0.363818521144622,"LBIR6AFL.DTA","Liberia",2013
"UMNSA","Never Used",0.188738807155967,"LBIR6AFL.DTA","Liberia",2013
"UMSA","Never Used",0.0839445315554432,"LBIR6AFL.DTA","Liberia",2013
"Married","Current User",0.130407997249713,"LBIR7AFL.DTA","Liberia",2019
"UMNSA","Current User",0.0534405035670942,"LBIR7AFL.DTA","Liberia",2019
"UMSA","Current User",0.0786402745191511,"LBIR7AFL.DTA","Liberia",2019
"Married","Former User",0.162736915120987,"LBIR7AFL.DTA","Liberia",2019
"UMNSA","Former User",0.0710377379996374,"LBIR7AFL.DTA","Liberia",2019
"UMSA","Former User",0.0362477976042358,"LBIR7AFL.DTA","Liberia",2019
"Married","Never Used",0.229577329113099,"LBIR7AFL.DTA","Liberia",2019
"UMNSA","Never Used",0.182790479083082,"LBIR7AFL.DTA","Liberia",2019
"UMSA","Never Used",0.0551209657430003,"LBIR7AFL.DTA","Liberia",2019
"Married","Current User",0.308670749475988,"MDIR81FL.DTA","Madagascar",2021
"MISSING","Current User",0,"MDIR81FL.DTA","Madagascar",2021
"UMNSA","Current User",0.0482422312262961,"MDIR81FL.DTA","Madagascar",2021
"UMSA","Current User",0.043748971979838,"MDIR81FL.DTA","Madagascar",2021
"Married","Former User",0.163379547610921,"MDIR81FL.DTA","Madagascar",2021
"MISSING","Former User",0,"MDIR81FL.DTA","Madagascar",2021
"UMNSA","Former User",0.0602562765522344,"MDIR81FL.DTA","Madagascar",2021
"UMSA","Former User",0.0127175215014846,"MDIR81FL.DTA","Madagascar",2021
"Married","Never Used",0.148651407853284,"MDIR81FL.DTA","Madagascar",2021
"MISSING","Never Used",0.0000511157982315343,"MDIR81FL.DTA","Madagascar",2021
"UMNSA","Never Used",0.19143483465637,"MDIR81FL.DTA","Madagascar",2021
"UMSA","Never Used",0.0228473433453529,"MDIR81FL.DTA","Madagascar",2021
"Married","Current User",0.388909250346227,"MWIR7AFL.DTA","Malawi",2015
"UMNSA","Current User",0.0556073519261565,"MWIR7AFL.DTA","Malawi",2015
"UMSA","Current User",0.014997628937771,"MWIR7AFL.DTA","Malawi",2015
"Married","Former User",0.156996298554078,"MWIR7AFL.DTA","Malawi",2015
"UMNSA","Former User",0.0660633690693163,"MWIR7AFL.DTA","Malawi",2015
"UMSA","Former User",0.00699586993669824,"MWIR7AFL.DTA","Malawi",2015
"Married","Never Used",0.110806443446775,"MWIR7AFL.DTA","Malawi",2015
"UMNSA","Never Used",0.188806140557919,"MWIR7AFL.DTA","Malawi",2015
"UMSA","Never Used",0.0108176472250588,"MWIR7AFL.DTA","Malawi",2015
"Married","Current User",0.128643331062771,"MVIR71FL.DTA","Maldives",2016
"MISSING","Current User",0,"MVIR71FL.DTA","Maldives",2016
"UMNSA","Current User",0.00316206045125729,"MVIR71FL.DTA","Maldives",2016
"UMSA","Current User",0.00147750554533748,"MVIR71FL.DTA","Maldives",2016
"Married","Former User",0.122330981039792,"MVIR71FL.DTA","Maldives",2016
"MISSING","Former User",0.0000474456430985036,"MVIR71FL.DTA","Maldives",2016
"UMNSA","Former User",0.0191008122486305,"MVIR71FL.DTA","Maldives",2016
"UMSA","Former User",0.0034269313480878,"MVIR71FL.DTA","Maldives",2016
"Married","Never Used",0.434784018957878,"MVIR71FL.DTA","Maldives",2016
"MISSING","Never Used",0.00128024148171342,"MVIR71FL.DTA","Maldives",2016
"UMNSA","Never Used",0.276244854550991,"MVIR71FL.DTA","Maldives",2016
"UMSA","Never Used",0.00950181767044267,"MVIR71FL.DTA","Maldives",2016
"Married","Current User",0.0875270688200964,"MLIR6AFL.DTA","Mali",2012
"UMNSA","Current User",0.00606354732092718,"MLIR6AFL.DTA","Mali",2012
"UMSA","Current User",0.00633719937939485,"MLIR6AFL.DTA","Mali",2012
"Married","Former User",0.0887391583495034,"MLIR6AFL.DTA","Mali",2012
"UMNSA","Former User",0.0054150995910563,"MLIR6AFL.DTA","Mali",2012
"UMSA","Former User",0.00213997673152294,"MLIR6AFL.DTA","Mali",2012
"Married","Never Used",0.669824856260861,"MLIR6AFL.DTA","Mali",2012
"UMNSA","Never Used",0.123788296430885,"MLIR6AFL.DTA","Mali",2012
"UMSA","Never Used",0.0101647971157528,"MLIR6AFL.DTA","Mali",2012
"Married","Current User",0.140415836305269,"MLIR7HFL.DTA","Mali",2018
"UMNSA","Current User",0.0118155275365318,"MLIR7HFL.DTA","Mali",2018
"UMSA","Current User",0.00951517278407007,"MLIR7HFL.DTA","Mali",2018
"Married","Former User",0.130383419779464,"MLIR7HFL.DTA","Mali",2018
"UMNSA","Former User",0.00737811339946899,"MLIR7HFL.DTA","Mali",2018
"UMSA","Former User",0.00289944144383374,"MLIR7HFL.DTA","Mali",2018
"Married","Never Used",0.543653486471153,"MLIR7HFL.DTA","Mali",2018
"UMNSA","Never Used",0.140825127961905,"MLIR7HFL.DTA","Mali",2018
"UMSA","Never Used",0.0131138743183036,"MLIR7HFL.DTA","Mali",2018
"Married","Current User",0.0893486280502877,"MRIR71FL.DTA","Mauritania",2019
"MISSING","Current User",0,"MRIR71FL.DTA","Mauritania",2019
"UMNSA","Current User",0,"MRIR71FL.DTA","Mauritania",2019
"UMSA","Current User",0,"MRIR71FL.DTA","Mauritania",2019
"Married","Former User",0.116792566423188,"MRIR71FL.DTA","Mauritania",2019
"MISSING","Former User",0,"MRIR71FL.DTA","Mauritania",2019
"UMNSA","Former User",0,"MRIR71FL.DTA","Mauritania",2019
"UMSA","Former User",0,"MRIR71FL.DTA","Mauritania",2019
"Married","Never Used",0.41909159668495,"MRIR71FL.DTA","Mauritania",2019
"MISSING","Never Used",0.266302930027082,"MRIR71FL.DTA","Mauritania",2019
"UMNSA","Never Used",0.105207595780962,"MRIR71FL.DTA","Mauritania",2019
"UMSA","Never Used",0.00325668303352982,"MRIR71FL.DTA","Mauritania",2019
"Married","Current User",0.0789889224365949,"MZIR62FL.DTA","Mozambique",2011
"UMNSA","Current User",0.020580988879426,"MZIR62FL.DTA","Mozambique",2011
"UMSA","Current User",0.0237417034458528,"MZIR62FL.DTA","Mozambique",2011
"Married","Former User",0.107390355426327,"MZIR62FL.DTA","Mozambique",2011
"UMNSA","Former User",0.0299308994038719,"MZIR62FL.DTA","Mozambique",2011
"UMSA","Former User",0.0115190192043134,"MZIR62FL.DTA","Mozambique",2011
"Married","Never Used",0.492537568692006,"MZIR62FL.DTA","Mozambique",2011
"UMNSA","Never Used",0.192312735517778,"MZIR62FL.DTA","Mozambique",2011
"UMSA","Never Used",0.0429978069938303,"MZIR62FL.DTA","Mozambique",2011
"Married","Current User",0.37670189258544,"NPIR60FL.DTA","Nepal",2011
"UMNSA","Current User",0.00440247751832984,"NPIR60FL.DTA","Nepal",2011
"UMSA","Current User",0.000563916107972292,"NPIR60FL.DTA","Nepal",2011
"Married","Former User",0.171332906721229,"NPIR60FL.DTA","Nepal",2011
"UMNSA","Former User",0.0104210851684664,"NPIR60FL.DTA","Nepal",2011
"UMSA","Former User",0.000123114560987274,"NPIR60FL.DTA","Nepal",2011
"Married","Never Used",0.210026271327005,"NPIR60FL.DTA","Nepal",2011
"UMNSA","Never Used",0.226257654700402,"NPIR60FL.DTA","Nepal",2011
"UMSA","Never Used",0.000170681310168132,"NPIR60FL.DTA","Nepal",2011
"Married","Current User",0.403927982206965,"NPIR7HFL.DTA","Nepal",2016
"UMNSA","Current User",0.00343371353423155,"NPIR7HFL.DTA","Nepal",2016
"UMSA","Current User",0.000274298712340812,"NPIR7HFL.DTA","Nepal",2016
"Married","Former User",0.182645159336626,"NPIR7HFL.DTA","Nepal",2016
"UMNSA","Former User",0.0111166258393104,"NPIR7HFL.DTA","Nepal",2016
"UMSA","Former User",0,"NPIR7HFL.DTA","Nepal",2016
"Married","Never Used",0.181155511132065,"NPIR7HFL.DTA","Nepal",2016
"UMNSA","Never Used",0.217446709238462,"NPIR7HFL.DTA","Nepal",2016
"UMSA","Never Used",0,"NPIR7HFL.DTA","Nepal",2016
"Married","Current User",0.431017734171337,"NPIR81FL.DTA","Nepal",2022
"MISSING","Current User",0,"NPIR81FL.DTA","Nepal",2022
"UMNSA","Current User",0.0053363908219893,"NPIR81FL.DTA","Nepal",2022
"UMSA","Current User",0.00113457811788316,"NPIR81FL.DTA","Nepal",2022
"Married","Former User",0.183356970283148,"NPIR81FL.DTA","Nepal",2022
"MISSING","Former User",0.000173947728159423,"NPIR81FL.DTA","Nepal",2022
"UMNSA","Former User",0.0170874945375101,"NPIR81FL.DTA","Nepal",2022
"UMSA","Former User",0.000276702663456724,"NPIR81FL.DTA","Nepal",2022
"Married","Never Used",0.13872479006805,"NPIR81FL.DTA","Nepal",2022
"MISSING","Never Used",0.000095799057831436,"NPIR81FL.DTA","Nepal",2022
"UMNSA","Never Used",0.222590055734941,"NPIR81FL.DTA","Nepal",2022
"UMSA","Never Used",0.00020553681569422,"NPIR81FL.DTA","Nepal",2022
"Married","Current User",0.123100562515658,"NIIR61FL.DTA","Niger",2012
"UMNSA","Current User",0.00117294801900437,"NIIR61FL.DTA","Niger",2012
"UMSA","Current User",0.000717774994082858,"NIIR61FL.DTA","Niger",2012
"Married","Former User",0.139811975370726,"NIIR61FL.DTA","Niger",2012
"UMNSA","Former User",0.00735034841610824,"NIIR61FL.DTA","Niger",2012
"UMSA","Former User",0,"NIIR61FL.DTA","Niger",2012
"Married","Never Used",0.622477546570974,"NIIR61FL.DTA","Niger",2012
"UMNSA","Never Used",0.104415148332778,"NIIR61FL.DTA","Niger",2012
"UMSA","Never Used",0.000953695780668458,"NIIR61FL.DTA","Niger",2012
"Married","Current User",0.108249401354485,"NGIR6AFL.DTA","Nigeria",2013
"UMNSA","Current User",0.0241400541412664,"NGIR6AFL.DTA","Nigeria",2013
"UMSA","Current User",0.0274766513343986,"NGIR6AFL.DTA","Nigeria",2013
"Married","Former User",0.0635700176173749,"NGIR6AFL.DTA","Nigeria",2013
"UMNSA","Former User",0.0138216557492809,"NGIR6AFL.DTA","Nigeria",2013
"UMSA","Former User",0.00311612720500268,"NGIR6AFL.DTA","Nigeria",2013
"Married","Never Used",0.542710418158075,"NGIR6AFL.DTA","Nigeria",2013
"UMNSA","Never Used",0.207281814106651,"NGIR6AFL.DTA","Nigeria",2013
"UMSA","Never Used",0.00963386033346514,"NGIR6AFL.DTA","Nigeria",2013
"Married","Current User",0.115809473326707,"NGIR7AFL.DTA","Nigeria",2018
"UMNSA","Current User",0.0137922262829554,"NGIR7AFL.DTA","Nigeria",2018
"UMSA","Current User",0.0134033963428267,"NGIR7AFL.DTA","Nigeria",2018
"Married","Former User",0.103282526466998,"NGIR7AFL.DTA","Nigeria",2018
"UMNSA","Former User",0.02220698153513,"NGIR7AFL.DTA","Nigeria",2018
"UMSA","Former User",0.00814118530052306,"NGIR7AFL.DTA","Nigeria",2018
"Married","Never Used",0.476481109477741,"NGIR7AFL.DTA","Nigeria",2018
"UMNSA","Never Used",0.232201161327605,"NGIR7AFL.DTA","Nigeria",2018
"UMSA","Never Used",0.0146819399395144,"NGIR7AFL.DTA","Nigeria",2018
"Married","Current User",0.327036501987432,"PKIR71FL.DTA","Pakistan",2017
"MISSING","Current User",0.00408985917539513,"PKIR71FL.DTA","Pakistan",2017
"Married","Former User",0.114544895151027,"PKIR71FL.DTA","Pakistan",2017
"MISSING","Former User",0.00509456460744149,"PKIR71FL.DTA","Pakistan",2017
"Married","Never Used",0.515323708057077,"PKIR71FL.DTA","Pakistan",2017
"MISSING","Never Used",0.0339104710216275,"PKIR71FL.DTA","Pakistan",2017
"Married","Current User",0.331888570409566,"PHIR61FL.DTA","Philippines",2013
"UMNSA","Current User",0.00780796835508939,"PHIR61FL.DTA","Philippines",2013
"UMSA","Current User",0.00619754428064642,"PHIR61FL.DTA","Philippines",2013
"Married","Former User",0.117976598828453,"PHIR61FL.DTA","Philippines",2013
"UMNSA","Former User",0.0262837743990192,"PHIR61FL.DTA","Philippines",2013
"UMSA","Former User",0.000950609493286428,"PHIR61FL.DTA","Philippines",2013
"Married","Never Used",0.152348993381524,"PHIR61FL.DTA","Philippines",2013
"UMNSA","Never Used",0.352253647622551,"PHIR61FL.DTA","Philippines",2013
"UMSA","Never Used",0.00429229322986418,"PHIR61FL.DTA","Philippines",2013
"Married","Current User",0.320771104204446,"PHIR81FL.DTA","Philippines",2022
"UMNSA","Current User",0.012812767808735,"PHIR81FL.DTA","Philippines",2022
"UMSA","Current User",0.00714224720329931,"PHIR81FL.DTA","Philippines",2022
"Married","Former User",0.068384428205032,"PHIR81FL.DTA","Philippines",2022
"UMNSA","Former User",0.0174695247184373,"PHIR81FL.DTA","Philippines",2022
"UMSA","Former User",0.0009944128098637,"PHIR81FL.DTA","Philippines",2022
"Married","Never Used",0.160998833215997,"PHIR81FL.DTA","Philippines",2022
"UMNSA","Never Used",0.40214874362286,"PHIR81FL.DTA","Philippines",2022
"UMSA","Never Used",0.00927793821132991,"PHIR81FL.DTA","Philippines",2022
"Married","Current User",0.260239360937794,"RWIR61FL.DTA","Rwanda",2010
"UMNSA","Current User",0.0186397853560838,"RWIR61FL.DTA","Rwanda",2010
"UMSA","Current User",0.00732886838053417,"RWIR61FL.DTA","Rwanda",2010
"Married","Former User",0.0722165228740122,"RWIR61FL.DTA","Rwanda",2010
"UMNSA","Former User",0.0148439662260684,"RWIR61FL.DTA","Rwanda",2010
"UMSA","Former User",0.00196141249130872,"RWIR61FL.DTA","Rwanda",2010
"Married","Never Used",0.172046943222591,"RWIR61FL.DTA","Rwanda",2010
"UMNSA","Never Used",0.444344675094261,"RWIR61FL.DTA","Rwanda",2010
"UMSA","Never Used",0.00837846541734679,"RWIR61FL.DTA","Rwanda",2010
"Married","Current User",0.275453742227906,"RWIR70FL.DTA","Rwanda",2014
"MISSING","Current User",0.000190199006411725,"RWIR70FL.DTA","Rwanda",2014
"UMNSA","Current User",0.02517803427541,"RWIR70FL.DTA","Rwanda",2014
"UMSA","Current User",0.00799868130399885,"RWIR70FL.DTA","Rwanda",2014
"Married","Former User",0.11844634707605,"RWIR70FL.DTA","Rwanda",2014
"MISSING","Former User",0.000325909756395863,"RWIR70FL.DTA","Rwanda",2014
"UMNSA","Former User",0.0301468251716622,"RWIR70FL.DTA","Rwanda",2014
"UMSA","Former User",0.00430135909931283,"RWIR70FL.DTA","Rwanda",2014
"Married","Never Used",0.123395815159904,"RWIR70FL.DTA","Rwanda",2014
"MISSING","Never Used",0.000731229233146802,"RWIR70FL.DTA","Rwanda",2014
"UMNSA","Never Used",0.403491592858262,"RWIR70FL.DTA","Rwanda",2014
"UMSA","Never Used",0.0103402648315393,"RWIR70FL.DTA","Rwanda",2014
"Married","Current User",0.3243044874466,"RWIR81FL.DTA","Rwanda",2019
"UMNSA","Current User",0.0486102531903333,"RWIR81FL.DTA","Rwanda",2019
"UMSA","Current User",0.0130689694184799,"RWIR81FL.DTA","Rwanda",2019
"Married","Former User",0.0979641829653704,"RWIR81FL.DTA","Rwanda",2019
"UMNSA","Former User",0.0473001487590357,"RWIR81FL.DTA","Rwanda",2019
"UMSA","Former User",0.00519303273072866,"RWIR81FL.DTA","Rwanda",2019
"Married","Never Used",0.0834976821635275,"RWIR81FL.DTA","Rwanda",2019
"UMNSA","Never Used",0.371452030490941,"RWIR81FL.DTA","Rwanda",2019
"UMSA","Never Used",0.008609212834983,"RWIR81FL.DTA","Rwanda",2019
"Married","Current User",0.0865990207390756,"SNIR61FL.DTA","Senegal",2010
"UMNSA","Current User",0.00700338040967209,"SNIR61FL.DTA","Senegal",2010
"UMSA","Current User",0.00227750541539568,"SNIR61FL.DTA","Senegal",2010
"Married","Former User",0.102834556288,"SNIR61FL.DTA","Senegal",2010
"UMNSA","Former User",0.0168668981820199,"SNIR61FL.DTA","Senegal",2010
"UMSA","Former User",0.000783659738979504,"SNIR61FL.DTA","Senegal",2010
"Married","Never Used",0.470103933137941,"SNIR61FL.DTA","Senegal",2010
"UMNSA","Never Used",0.309130462017244,"SNIR61FL.DTA","Senegal",2010
"UMSA","Never Used",0.00440058407167191,"SNIR61FL.DTA","Senegal",2010
"Married","Current User",0.114719287983815,"SNIR6DFL.DTA","Senegal",2012
"UMNSA","Current User",0.00823802791560696,"SNIR6DFL.DTA","Senegal",2012
"UMSA","Current User",0.00314423696293365,"SNIR6DFL.DTA","Senegal",2012
"Married","Former User",0.10189248440805,"SNIR6DFL.DTA","Senegal",2012
"UMNSA","Former User",0.0177496668973143,"SNIR6DFL.DTA","Senegal",2012
"UMSA","Former User",0.0011544555524819,"SNIR6DFL.DTA","Senegal",2012
"Married","Never Used",0.426508517933374,"SNIR6DFL.DTA","Senegal",2012
"UMNSA","Never Used",0.324632263608942,"SNIR6DFL.DTA","Senegal",2012
"UMSA","Never Used",0.00196105873748248,"SNIR6DFL.DTA","Senegal",2012
"Married","Current User",0.143611300469784,"SNIR70FL.DTA","Senegal",2014
"UMNSA","Current User",0.0118117711586462,"SNIR70FL.DTA","Senegal",2014
"UMSA","Current User",0.00487462896537169,"SNIR70FL.DTA","Senegal",2014
"Married","Former User",0.125732118163741,"SNIR70FL.DTA","Senegal",2014
"UMNSA","Former User",0.0202586782204196,"SNIR70FL.DTA","Senegal",2014
"UMSA","Former User",0.000435929554529982,"SNIR70FL.DTA","Senegal",2014
"Married","Never Used",0.378670403053782,"SNIR70FL.DTA","Senegal",2014
"UMNSA","Never Used",0.311549137023932,"SNIR70FL.DTA","Senegal",2014
"UMSA","Never Used",0.00305603338979318,"SNIR70FL.DTA","Senegal",2014
"Married","Current User",0.151058248601448,"SNIR7HFL.DTA","Senegal",2015
"UMNSA","Current User",0.0128134787292157,"SNIR7HFL.DTA","Senegal",2015
"UMSA","Current User",0.00483496022547154,"SNIR7HFL.DTA","Senegal",2015
"Married","Former User",0.111244658227449,"SNIR7HFL.DTA","Senegal",2015
"UMNSA","Former User",0.0174724812140938,"SNIR7HFL.DTA","Senegal",2015
"UMSA","Former User",0.00143896539251875,"SNIR7HFL.DTA","Senegal",2015
"Married","Never Used",0.385177366489853,"SNIR7HFL.DTA","Senegal",2015
"UMNSA","Never Used",0.313915732142606,"SNIR7HFL.DTA","Senegal",2015
"UMSA","Never Used",0.00204410897734408,"SNIR7HFL.DTA","Senegal",2015
"Married","Current User",0.166788854224495,"SNIR7QFL.DTA","Senegal",2016
"UMNSA","Current User",0.0104019457247753,"SNIR7QFL.DTA","Senegal",2016
"UMSA","Current User",0.00238863244833449,"SNIR7QFL.DTA","Senegal",2016
"Married","Former User",0.134017335106684,"SNIR7QFL.DTA","Senegal",2016
"UMNSA","Former User",0.0184688928438214,"SNIR7QFL.DTA","Senegal",2016
"UMSA","Former User",0.000455465552712641,"SNIR7QFL.DTA","Senegal",2016
"Married","Never Used",0.362830022269084,"SNIR7QFL.DTA","Senegal",2016
"UMNSA","Never Used",0.302683930844376,"SNIR7QFL.DTA","Senegal",2016
"UMSA","Never Used",0.00196492098571781,"SNIR7QFL.DTA","Senegal",2016
"Married","Current User",0.180104954860734,"SNIR7ZFL.DTA","Senegal",2017
"UMNSA","Current User",0.0146673429437886,"SNIR7ZFL.DTA","Senegal",2017
"UMSA","Current User",0.00422227862555042,"SNIR7ZFL.DTA","Senegal",2017
"Married","Former User",0.126521747519121,"SNIR7ZFL.DTA","Senegal",2017
"UMNSA","Former User",0.0206510804434547,"SNIR7ZFL.DTA","Senegal",2017
"UMSA","Former User",0.000998246087322376,"SNIR7ZFL.DTA","Senegal",2017
"Married","Never Used",0.342365215778926,"SNIR7ZFL.DTA","Senegal",2017
"UMNSA","Never Used",0.308272190502324,"SNIR7ZFL.DTA","Senegal",2017
"UMSA","Never Used",0.00219694323877954,"SNIR7ZFL.DTA","Senegal",2017
"Married","Current User",0.173373074740762,"SNIR80FL.DTA","Senegal",2018
"UMNSA","Current User",0.0172923162470954,"SNIR80FL.DTA","Senegal",2018
"UMSA","Current User",0.00349657274688522,"SNIR80FL.DTA","Senegal",2018
"Married","Former User",0.142347459120819,"SNIR80FL.DTA","Senegal",2018
"UMNSA","Former User",0.0224078028869633,"SNIR80FL.DTA","Senegal",2018
"UMSA","Former User",0.00121480967617955,"SNIR80FL.DTA","Senegal",2018
"Married","Never Used",0.32299062943677,"SNIR80FL.DTA","Senegal",2018
"UMNSA","Never Used",0.313937326677816,"SNIR80FL.DTA","Senegal",2018
"UMSA","Never Used",0.00294000846670937,"SNIR80FL.DTA","Senegal",2018
"Married","Current User",0.175819591531094,"SNIR8AFL.DTA","Senegal",2019
"UMNSA","Current User",0.0118690657481411,"SNIR8AFL.DTA","Senegal",2019
"UMSA","Current User",0.000627508520438504,"SNIR8AFL.DTA","Senegal",2019
"Married","Former User",0.141874457821405,"SNIR8AFL.DTA","Senegal",2019
"UMNSA","Former User",0.0170811905724369,"SNIR8AFL.DTA","Senegal",2019
"UMSA","Former User",0.00043288728562022,"SNIR8AFL.DTA","Senegal",2019
"Married","Never Used",0.336596255251665,"SNIR8AFL.DTA","Senegal",2019
"UMNSA","Never Used",0.313919994414078,"SNIR8AFL.DTA","Senegal",2019
"UMSA","Never Used",0.00177904885512164,"SNIR8AFL.DTA","Senegal",2019
"Married","Current User",0.108849403899053,"SLIR61FL.DTA","Sierra Leone",2013
"UMNSA","Current User",0.0388515889693064,"SLIR61FL.DTA","Sierra Leone",2013
"UMSA","Current User",0.0729999633503419,"SLIR61FL.DTA","Sierra Leone",2013
"Married","Former User",0.0817426938183786,"SLIR61FL.DTA","Sierra Leone",2013
"UMNSA","Former User",0.0183950388636904,"SLIR61FL.DTA","Sierra Leone",2013
"UMSA","Former User",0.00919595702938374,"SLIR61FL.DTA","Sierra Leone",2013
"Married","Never Used",0.463923153698524,"SLIR61FL.DTA","Sierra Leone",2013
"UMNSA","Never Used",0.165404188468156,"SLIR61FL.DTA","Sierra Leone",2013
"UMSA","Never Used",0.0406380119031661,"SLIR61FL.DTA","Sierra Leone",2013
"Married","Current User",0.132513241324178,"SLIR7AFL.DTA","Sierra Leone",2019
"UMNSA","Current User",0.043404619443577,"SLIR7AFL.DTA","Sierra Leone",2019
"UMSA","Current User",0.0667672313093333,"SLIR7AFL.DTA","Sierra Leone",2019
"Married","Former User",0.127866533898108,"SLIR7AFL.DTA","Sierra Leone",2019
"UMNSA","Former User",0.0270477532540023,"SLIR7AFL.DTA","Sierra Leone",2019
"UMSA","Former User",0.0168491476028424,"SLIR7AFL.DTA","Sierra Leone",2019
"Married","Never Used",0.363412179648782,"SLIR7AFL.DTA","Sierra Leone",2019
"UMNSA","Never Used",0.180975794646543,"SLIR7AFL.DTA","Sierra Leone",2019
"UMSA","Never Used",0.041163498872634,"SLIR7AFL.DTA","Sierra Leone",2019
"Married","Current User",0.195620151772689,"ZAIR71FL.DTA","South Africa",2016
"UMNSA","Current User",0.15241345961645,"ZAIR71FL.DTA","South Africa",2016
"UMSA","Current User",0.133513079095222,"ZAIR71FL.DTA","South Africa",2016
"Married","Former User",0.0796051364110028,"ZAIR71FL.DTA","South Africa",2016
"UMNSA","Former User",0.072364086414125,"ZAIR71FL.DTA","South Africa",2016
"UMSA","Former User",0.0344587793287135,"ZAIR71FL.DTA","South Africa",2016
"Married","Never Used",0.082986899074205,"ZAIR71FL.DTA","South Africa",2016
"UMNSA","Never Used",0.210180777372188,"ZAIR71FL.DTA","South Africa",2016
"UMSA","Never Used",0.0388576309154052,"ZAIR71FL.DTA","South Africa",2016
"Married","Current User",0.188090720649315,"TJIR61FL.DTA","Tajikistan",2012
"MISSING","Current User",0,"TJIR61FL.DTA","Tajikistan",2012
"UMNSA","Current User",0.00100828004901186,"TJIR61FL.DTA","Tajikistan",2012
"UMSA","Current User",0.000213271130117773,"TJIR61FL.DTA","Tajikistan",2012
"Married","Former User",0.0720526535782936,"TJIR61FL.DTA","Tajikistan",2012
"MISSING","Former User",0,"TJIR61FL.DTA","Tajikistan",2012
"UMNSA","Former User",0.00448912993810561,"TJIR61FL.DTA","Tajikistan",2012
"UMSA","Former User",0.0000622664674259013,"TJIR61FL.DTA","Tajikistan",2012
"Married","Never Used",0.413432024942178,"TJIR61FL.DTA","Tajikistan",2012
"MISSING","Never Used",0.00046191177197707,"TJIR61FL.DTA","Tajikistan",2012
"UMNSA","Never Used",0.319982519328639,"TJIR61FL.DTA","Tajikistan",2012
"UMSA","Never Used",0.00020722214493556,"TJIR61FL.DTA","Tajikistan",2012
"Married","Current User",0.21162089340536,"TJIR71FL.DTA","Tajikistan",2017
"UMNSA","Current User",0.00109129595002434,"TJIR71FL.DTA","Tajikistan",2017
"UMSA","Current User",0.000219728400677543,"TJIR71FL.DTA","Tajikistan",2017
"Married","Former User",0.100542636433682,"TJIR71FL.DTA","Tajikistan",2017
"UMNSA","Former User",0.00519817661537719,"TJIR71FL.DTA","Tajikistan",2017
"UMSA","Former User",0,"TJIR71FL.DTA","Tajikistan",2017
"Married","Never Used",0.410656035652678,"TJIR71FL.DTA","Tajikistan",2017
"UMNSA","Never Used",0.26999319360982,"TJIR71FL.DTA","Tajikistan",2017
"UMSA","Never Used",0.000678039932380455,"TJIR71FL.DTA","Tajikistan",2017
"Married","Current User",0.237407571476065,"TZIR7BFL.DTA","Tanzania",2015
"UMNSA","Current User",0.0494459951160006,"TZIR7BFL.DTA","Tanzania",2015
"UMSA","Current User",0.0373442750944137,"TZIR7BFL.DTA","Tanzania",2015
"Married","Former User",0.147514863986112,"TZIR7BFL.DTA","Tanzania",2015
"UMNSA","Former User",0.0445211481447054,"TZIR7BFL.DTA","Tanzania",2015
"UMSA","Former User",0.0113441937146459,"TZIR7BFL.DTA","Tanzania",2015
"Married","Never Used",0.233979726010578,"TZIR7BFL.DTA","Tanzania",2015
"UMNSA","Never Used",0.218537207184035,"TZIR7BFL.DTA","Tanzania",2015
"UMSA","Never Used",0.0199050192734449,"TZIR7BFL.DTA","Tanzania",2015
"Married","Current User",0.228016490941864,"TZIR82FL.DTA","Tanzania",2022
"MISSING","Current User",0,"TZIR82FL.DTA","Tanzania",2022
"UMNSA","Current User",0.0465555009649128,"TZIR82FL.DTA","Tanzania",2022
"UMSA","Current User",0.0347462090794176,"TZIR82FL.DTA","Tanzania",2022
"Married","Former User",0.13679693066061,"TZIR82FL.DTA","Tanzania",2022
"MISSING","Former User",0,"TZIR82FL.DTA","Tanzania",2022
"UMNSA","Former User",0.0340830214586293,"TZIR82FL.DTA","Tanzania",2022
"UMSA","Former User",0.0143069173527574,"TZIR82FL.DTA","Tanzania",2022
"Married","Never Used",0.241720237390567,"TZIR82FL.DTA","Tanzania",2022
"MISSING","Never Used",0.0000104543070334167,"TZIR82FL.DTA","Tanzania",2022
"UMNSA","Never Used",0.235003620196986,"TZIR82FL.DTA","Tanzania",2022
"UMSA","Never Used",0.0287606176472223,"TZIR82FL.DTA","Tanzania",2022
"Married","Current User",0.158730929570514,"TLIR71FL.DTA","Timor-Leste",2016
"UMNSA","Current User",0.00160737855850208,"TLIR71FL.DTA","Timor-Leste",2016
"UMSA","Current User",0.000217037920660148,"TLIR71FL.DTA","Timor-Leste",2016
"Married","Former User",0.0723897910632273,"TLIR71FL.DTA","Timor-Leste",2016
"UMNSA","Former User",0.00143597052709598,"TLIR71FL.DTA","Timor-Leste",2016
"UMSA","Former User",0.000138005397145684,"TLIR71FL.DTA","Timor-Leste",2016
"Married","Never Used",0.379439668594449,"TLIR71FL.DTA","Timor-Leste",2016
"UMNSA","Never Used",0.38350693885957,"TLIR71FL.DTA","Timor-Leste",2016
"UMSA","Never Used",0.00253427950883531,"TLIR71FL.DTA","Timor-Leste",2016
"Married","Current User",0.131593555751903,"TGIR61FL.DTA","Togo",2013
"MISSING","Current User",0,"TGIR61FL.DTA","Togo",2013
"UMNSA","Current User",0.0339227482070553,"TGIR61FL.DTA","Togo",2013
"UMSA","Current User",0.0277546515058068,"TGIR61FL.DTA","Togo",2013
"Married","Former User",0.115776898698489,"TGIR61FL.DTA","Togo",2013
"MISSING","Former User",0,"TGIR61FL.DTA","Togo",2013
"UMNSA","Former User",0.0228464209594808,"TGIR61FL.DTA","Togo",2013
"UMSA","Former User",0.00739760958575084,"TGIR61FL.DTA","Togo",2013
"Married","Never Used",0.41528470021135,"TGIR61FL.DTA","Togo",2013
"MISSING","Never Used",0.000316373738115201,"TGIR61FL.DTA","Togo",2013
"UMNSA","Never Used",0.216780207339669,"TGIR61FL.DTA","Togo",2013
"UMSA","Never Used",0.0283268340023804,"TGIR61FL.DTA","Togo",2013
"Married","Current User",0.488927827225659,"TRIR61FL.DTA","Turkey",2013
"MISSING","Current User",0.00848982206059567,"TRIR61FL.DTA","Turkey",2013
"Married","Former User",0.122223093718244,"TRIR61FL.DTA","Turkey",2013
"MISSING","Former User",0.0295657779884513,"TRIR61FL.DTA","Turkey",2013
"Married","Never Used",0.0547919826440495,"TRIR61FL.DTA","Turkey",2013
"MISSING","Never Used",0.296001496363,"TRIR61FL.DTA","Turkey",2013
"Married","Current User",0.187554344403391,"UGIR60FL.DTA","Uganda",2011
"UMNSA","Current User",0.0296301626188306,"UGIR60FL.DTA","Uganda",2011
"UMSA","Current User",0.0191489709222699,"UGIR60FL.DTA","Uganda",2011
"Married","Former User",0.161717551993074,"UGIR60FL.DTA","Uganda",2011
"UMNSA","Former User",0.0560954039853632,"UGIR60FL.DTA","Uganda",2011
"UMSA","Former User",0.00837208266331933,"UGIR60FL.DTA","Uganda",2011
"Married","Never Used",0.275170395709758,"UGIR60FL.DTA","Uganda",2011
"UMNSA","Never Used",0.252971611073147,"UGIR60FL.DTA","Uganda",2011
"UMSA","Never Used",0.00933947663084774,"UGIR60FL.DTA","Uganda",2011
"Married","Current User",0.236289158414329,"UGIR7BFL.DTA","Uganda",2016
"MISSING","Current User",0,"UGIR7BFL.DTA","Uganda",2016
"UMNSA","Current User",0.0421952832152375,"UGIR7BFL.DTA","Uganda",2016
"UMSA","Current User",0.0241908652839138,"UGIR7BFL.DTA","Uganda",2016
"Married","Former User",0.185860809043288,"UGIR7BFL.DTA","Uganda",2016
"MISSING","Former User",0,"UGIR7BFL.DTA","Uganda",2016
"UMNSA","Former User",0.0703166984385502,"UGIR7BFL.DTA","Uganda",2016
"UMSA","Former User",0.0116830068387686,"UGIR7BFL.DTA","Uganda",2016
"Married","Never Used",0.184309164891353,"UGIR7BFL.DTA","Uganda",2016
"MISSING","Never Used",0.0000619840585240101,"UGIR7BFL.DTA","Uganda",2016
"UMNSA","Never Used",0.233450770085853,"UGIR7BFL.DTA","Uganda",2016
"UMSA","Never Used",0.0116422597301831,"UGIR7BFL.DTA","Uganda",2016
"Married","Current User",0.294461120554308,"ZMIR61FL.DTA","Zambia",2013
"MISSING","Current User",0.0000707889815843772,"ZMIR61FL.DTA","Zambia",2013
"UMNSA","Current User",0.0369583204483378,"ZMIR61FL.DTA","Zambia",2013
"UMSA","Current User",0.0199549922280643,"ZMIR61FL.DTA","Zambia",2013
"Married","Former User",0.145885806906919,"ZMIR61FL.DTA","Zambia",2013
"MISSING","Former User",0.00000916513295922469,"ZMIR61FL.DTA","Zambia",2013
"UMNSA","Former User",0.0511766253862694,"ZMIR61FL.DTA","Zambia",2013
"UMSA","Former User",0.0076192831333176,"ZMIR61FL.DTA","Zambia",2013
"Married","Never Used",0.160390232124307,"ZMIR61FL.DTA","Zambia",2013
"MISSING","Never Used",0.000122838886095232,"ZMIR61FL.DTA","Zambia",2013
"UMNSA","Never Used",0.259485618907362,"ZMIR61FL.DTA","Zambia",2013
"UMSA","Never Used",0.0238652073104754,"ZMIR61FL.DTA","Zambia",2013
"Married","Current User",0.277272573046513,"ZMIR71FL.DTA","Zambia",2018
"UMNSA","Current User",0.0507781851233358,"ZMIR71FL.DTA","Zambia",2018
"UMSA","Current User",0.0256074796497325,"ZMIR71FL.DTA","Zambia",2018
"Married","Former User",0.156961996614666,"ZMIR71FL.DTA","Zambia",2018
"UMNSA","Former User",0.0686569296331342,"ZMIR71FL.DTA","Zambia",2018
"UMSA","Former User",0.0135562760807715,"ZMIR71FL.DTA","Zambia",2018
"Married","Never Used",0.124713845490093,"ZMIR71FL.DTA","Zambia",2018
"UMNSA","Never Used",0.263919082540844,"ZMIR71FL.DTA","Zambia",2018
"UMSA","Never Used",0.0185336318209093,"ZMIR71FL.DTA","Zambia",2018
"Married","Current User",0.363975647806926,"ZWIR62FL.DTA","Zimbabwe",2010
"UMNSA","Current User",0.0319182681835143,"ZWIR62FL.DTA","Zimbabwe",2010
"UMSA","Current User",0.0173658458085534,"ZWIR62FL.DTA","Zimbabwe",2010
"Married","Former User",0.155065227244267,"ZWIR62FL.DTA","Zimbabwe",2010
"UMNSA","Former User",0.0642723163308205,"ZWIR62FL.DTA","Zimbabwe",2010
"UMSA","Former User",0.00610349434864076,"ZWIR62FL.DTA","Zimbabwe",2010
"Married","Never Used",0.102796422670113,"ZWIR62FL.DTA","Zimbabwe",2010
"UMNSA","Never Used",0.253979317624875,"ZWIR62FL.DTA","Zimbabwe",2010
"UMSA","Never Used",0.00452345998228989,"ZWIR62FL.DTA","Zimbabwe",2010
"Married","Current User",0.412526582345608,"ZWIR71FL.DTA","Zimbabwe",2015
"UMNSA","Current User",0.0498970741333944,"ZWIR71FL.DTA","Zimbabwe",2015
"UMSA","Current User",0.0231193182784919,"ZWIR71FL.DTA","Zimbabwe",2015
"Married","Former User",0.127417948422738,"ZWIR71FL.DTA","Zimbabwe",2015
"UMNSA","Former User",0.0602431628533263,"ZWIR71FL.DTA","Zimbabwe",2015
"UMSA","Former User",0.00638573250906224,"ZWIR71FL.DTA","Zimbabwe",2015
"Married","Never Used",0.0779680638432307,"ZWIR71FL.DTA","Zimbabwe",2015
"UMNSA","Never Used",0.237818680839415,"ZWIR71FL.DTA","Zimbabwe",2015
"UMSA","Never Used",0.00462343677473317,"ZWIR71FL.DTA","Zimbabwe",2015
