Group,Decider,Freq,SurveyName,Country,StartYear
Current User,Mainly Respondent,0.167134951,AFIR70FL.DTA,Afghanistan,2015
Current User,"Mainly Husband, Partner",0.113561436,AFIR70FL.DTA,Afghanistan,2015
Current User,Joint Decision,0.707941821,AFIR70FL.DTA,Afghanistan,2015
Current User,Other,0.011361792,AFIR70FL.DTA,Afghanistan,2015
Current User,Mainly Respondent,0.248611288,AOIR71FL.DTA,Angola,2015
Current User,"Mainly Husband, Partner",0.097016476,AOIR71FL.DTA,Angola,2015
Current User,Joint Decision,0.652691156,AOIR71FL.DTA,Angola,2015
Current User,Other,0.00168108,AOIR71FL.DTA,Angola,2015
Never User,Mainly Respondent,0.230634438,AOIR71FL.DTA,Angola,2015
Never User,"Mainly Husband, Partner",0.265747943,AOIR71FL.DTA,Angola,2015
Never User,Joint Decision,0.45197687,AOIR71FL.DTA,Angola,2015
Never User,Other,0.051640749,AOIR71FL.DTA,Angola,2015
Former User,Mainly Respondent,0.420909956,AOIR71FL.DTA,Angola,2015
Former User,"Mainly Husband, Partner",0.118482085,AOIR71FL.DTA,Angola,2015
Former User,Joint Decision,0.441884388,AOIR71FL.DTA,Angola,2015
Former User,Other,0.01872357,AOIR71FL.DTA,Angola,2015
Current User,Mainly Respondent,0.159537011,AMIR71FL.DTA,Armenia,2015
Current User,"Mainly Husband, Partner",0.110998355,AMIR71FL.DTA,Armenia,2015
Current User,Joint Decision,0.728437949,AMIR71FL.DTA,Armenia,2015
Current User,Other,0.001026685,AMIR71FL.DTA,Armenia,2015
Never User,Mainly Respondent,0.164316556,AMIR71FL.DTA,Armenia,2015
Never User,"Mainly Husband, Partner",0.040219631,AMIR71FL.DTA,Armenia,2015
Never User,Joint Decision,0.636404876,AMIR71FL.DTA,Armenia,2015
Never User,Other,0.159058937,AMIR71FL.DTA,Armenia,2015
Former User,Mainly Respondent,0.251167988,AMIR71FL.DTA,Armenia,2015
Former User,"Mainly Husband, Partner",0.011092188,AMIR71FL.DTA,Armenia,2015
Former User,Joint Decision,0.407137932,AMIR71FL.DTA,Armenia,2015
Former User,Other,0.330601892,AMIR71FL.DTA,Armenia,2015
Current User,Mainly Respondent,0.120888175,AMIR61FL.DTA,Armenia,2010
Current User,"Mainly Husband, Partner",0.168665823,AMIR61FL.DTA,Armenia,2010
Current User,Joint Decision,0.70389762,AMIR61FL.DTA,Armenia,2010
Current User,Other,0.00270604,AMIR61FL.DTA,Armenia,2010
Current User,Missing,0.003842341,AMIR61FL.DTA,Armenia,2010
Current User,Mainly Respondent,0.155330515,BDIR7RFL.DTA,Bangladesh,2017
Current User,"Mainly Husband, Partner",0.067571073,BDIR7RFL.DTA,Bangladesh,2017
Current User,Joint Decision,0.775575314,BDIR7RFL.DTA,Bangladesh,2017
Current User,Other,0.001523099,BDIR7RFL.DTA,Bangladesh,2017
Never User,Mainly Respondent,0.244693586,BDIR7RFL.DTA,Bangladesh,2017
Never User,"Mainly Husband, Partner",0.061139915,BDIR7RFL.DTA,Bangladesh,2017
Never User,Joint Decision,0.678448471,BDIR7RFL.DTA,Bangladesh,2017
Never User,Other,0.015718027,BDIR7RFL.DTA,Bangladesh,2017
Former User,Mainly Respondent,0.335321364,BDIR7RFL.DTA,Bangladesh,2017
Former User,"Mainly Husband, Partner",0.044762941,BDIR7RFL.DTA,Bangladesh,2017
Former User,Joint Decision,0.615303552,BDIR7RFL.DTA,Bangladesh,2017
Former User,Other,0.004612143,BDIR7RFL.DTA,Bangladesh,2017
Current User,Mainly Respondent,0.144697667,BDIR72FL.DTA,Bangladesh,2014
Current User,"Mainly Husband, Partner",0.088819003,BDIR72FL.DTA,Bangladesh,2014
Current User,Joint Decision,0.765854244,BDIR72FL.DTA,Bangladesh,2014
Current User,Other,0.000629086,BDIR72FL.DTA,Bangladesh,2014
Current User,Mainly Respondent,0.112845224,BDIR61FL.DTA,Bangladesh,2011
Current User,"Mainly Husband, Partner",0.068525795,BDIR61FL.DTA,Bangladesh,2011
Current User,Joint Decision,0.813957552,BDIR61FL.DTA,Bangladesh,2011
Current User,Other,0.000786858,BDIR61FL.DTA,Bangladesh,2011
Current User,Missing,0.00388457,BDIR61FL.DTA,Bangladesh,2011
Current User,Mainly Respondent,0.463424506,BJIR71FL.DTA,Benin,2017
Current User,"Mainly Husband, Partner",0.108868045,BJIR71FL.DTA,Benin,2017
Current User,Joint Decision,0.424757727,BJIR71FL.DTA,Benin,2017
Current User,Other,0.002949722,BJIR71FL.DTA,Benin,2017
Never User,Mainly Respondent,0.610428405,BJIR71FL.DTA,Benin,2017
Never User,"Mainly Husband, Partner",0.14611422,BJIR71FL.DTA,Benin,2017
Never User,Joint Decision,0.193269288,BJIR71FL.DTA,Benin,2017
Never User,Other,0.050188088,BJIR71FL.DTA,Benin,2017
Former User,Mainly Respondent,0.552553535,BJIR71FL.DTA,Benin,2017
Former User,"Mainly Husband, Partner",0.17279019,BJIR71FL.DTA,Benin,2017
Former User,Joint Decision,0.201753679,BJIR71FL.DTA,Benin,2017
Former User,Other,0.072902596,BJIR71FL.DTA,Benin,2017
Current User,Mainly Respondent,0.377141564,BJIR61FL.DTA,Benin,2011
Current User,"Mainly Husband, Partner",0.188985826,BJIR61FL.DTA,Benin,2011
Current User,Joint Decision,0.429279534,BJIR61FL.DTA,Benin,2011
Current User,Other,0.004593075,BJIR61FL.DTA,Benin,2011
Current User,Mainly Respondent,0.235774889,BFIR62FL.DTA,Burkina Faso,2010
Current User,"Mainly Husband, Partner",0.08291196,BFIR62FL.DTA,Burkina Faso,2010
Current User,Joint Decision,0.666377505,BFIR62FL.DTA,Burkina Faso,2010
Current User,Other,0.005797977,BFIR62FL.DTA,Burkina Faso,2010
Current User,Missing,0.009137668,BFIR62FL.DTA,Burkina Faso,2010
Current User,Mainly Respondent,0.117069051,BUIR70FL.DTA,Burundi,2016
Current User,"Mainly Husband, Partner",0.061063453,BUIR70FL.DTA,Burundi,2016
Current User,Joint Decision,0.819084493,BUIR70FL.DTA,Burundi,2016
Current User,Other,0.002783003,BUIR70FL.DTA,Burundi,2016
Never User,Mainly Respondent,0.272390721,BUIR70FL.DTA,Burundi,2016
Never User,"Mainly Husband, Partner",0.073036958,BUIR70FL.DTA,Burundi,2016
Never User,Joint Decision,0.566653222,BUIR70FL.DTA,Burundi,2016
Never User,Other,0.087919099,BUIR70FL.DTA,Burundi,2016
Former User,Mainly Respondent,0.285830257,BUIR70FL.DTA,Burundi,2016
Former User,"Mainly Husband, Partner",0.07406466,BUIR70FL.DTA,Burundi,2016
Former User,Joint Decision,0.613629519,BUIR70FL.DTA,Burundi,2016
Former User,Other,0.026475564,BUIR70FL.DTA,Burundi,2016
Current User,Mainly Respondent,0.076192287,BUIR61FL.DTA,Burundi,2010
Current User,"Mainly Husband, Partner",0.072228611,BUIR61FL.DTA,Burundi,2010
Current User,Joint Decision,0.842785853,BUIR61FL.DTA,Burundi,2010
Current User,Missing,0.008793249,BUIR61FL.DTA,Burundi,2010
Current User,Mainly Respondent,0.219120796,KHIR73FL.DTA,Cambodia,2014
Current User,"Mainly Husband, Partner",0.109765317,KHIR73FL.DTA,Cambodia,2014
Current User,Joint Decision,0.670051083,KHIR73FL.DTA,Cambodia,2014
Current User,Other,0.001062804,KHIR73FL.DTA,Cambodia,2014
Current User,Mainly Respondent,0.283687549,CMIR61FL.DTA,Cameroon,2011
Current User,"Mainly Husband, Partner",0.099827288,CMIR61FL.DTA,Cameroon,2011
Current User,Joint Decision,0.611371104,CMIR61FL.DTA,Cameroon,2011
Current User,Other,0.00511406,CMIR61FL.DTA,Cameroon,2011
Current User,Mainly Respondent,0.183702787,TDIR71FL.DTA,Chad,2014
Current User,"Mainly Husband, Partner",0.171595102,TDIR71FL.DTA,Chad,2014
Current User,Joint Decision,0.633376173,TDIR71FL.DTA,Chad,2014
Current User,Other,0.011325938,TDIR71FL.DTA,Chad,2014
Current User,Mainly Respondent,0.334632536,KMIR61FL.DTA,Comoros,2012
Current User,"Mainly Husband, Partner",0.267152406,KMIR61FL.DTA,Comoros,2012
Current User,Joint Decision,0.364968917,KMIR61FL.DTA,Comoros,2012
Current User,Other,0.014763019,KMIR61FL.DTA,Comoros,2012
Current User,Missing,0.018483123,KMIR61FL.DTA,Comoros,2012
Current User,Mainly Respondent,0.295240131,CGIR60FL.DTA,Congo,2011
Current User,"Mainly Husband, Partner",0.123971713,CGIR60FL.DTA,Congo,2011
Current User,Joint Decision,0.570583054,CGIR60FL.DTA,Congo,2011
Current User,Other,0.002337449,CGIR60FL.DTA,Congo,2011
Current User,Missing,0.007867653,CGIR60FL.DTA,Congo,2011
Current User,Mainly Respondent,0.225226416,EGIR61FL.DTA,Egypt,2014
Current User,"Mainly Husband, Partner",0.022280705,EGIR61FL.DTA,Egypt,2014
Current User,Joint Decision,0.750482651,EGIR61FL.DTA,Egypt,2014
Current User,Other,0.002010228,EGIR61FL.DTA,Egypt,2014
Current User,Mainly Respondent,0.21602692,ETIR70FL.DTA,Ethiopia,2016
Current User,"Mainly Husband, Partner",0.054102868,ETIR70FL.DTA,Ethiopia,2016
Current User,Joint Decision,0.728175811,ETIR70FL.DTA,Ethiopia,2016
Current User,Other,0.001694401,ETIR70FL.DTA,Ethiopia,2016
Never User,Mainly Respondent,0.276272583,ETIR70FL.DTA,Ethiopia,2016
Never User,"Mainly Husband, Partner",0.118117612,ETIR70FL.DTA,Ethiopia,2016
Never User,Joint Decision,0.584718912,ETIR70FL.DTA,Ethiopia,2016
Never User,Other,0.020890894,ETIR70FL.DTA,Ethiopia,2016
Former User,Mainly Respondent,0.352565923,ETIR70FL.DTA,Ethiopia,2016
Former User,"Mainly Husband, Partner",0.075407915,ETIR70FL.DTA,Ethiopia,2016
Former User,Joint Decision,0.562342019,ETIR70FL.DTA,Ethiopia,2016
Former User,Other,0.009684143,ETIR70FL.DTA,Ethiopia,2016
Current User,Mainly Respondent,0.170842793,ETIR61FL.DTA,Ethiopia,2011
Current User,"Mainly Husband, Partner",0.035811482,ETIR61FL.DTA,Ethiopia,2011
Current User,Joint Decision,0.782244725,ETIR61FL.DTA,Ethiopia,2011
Current User,Missing,0.011101,ETIR61FL.DTA,Ethiopia,2011
Current User,Mainly Respondent,0.334057915,GAIR60FL.DTA,Gabon,2012
Current User,"Mainly Husband, Partner",0.076470498,GAIR60FL.DTA,Gabon,2012
Current User,Joint Decision,0.538522279,GAIR60FL.DTA,Gabon,2012
Current User,Other,0.018327028,GAIR60FL.DTA,Gabon,2012
Current User,Missing,0.03262228,GAIR60FL.DTA,Gabon,2012
Current User,Mainly Respondent,0.327039832,GMIR81FL.DTA,Gambia,2019
Current User,"Mainly Husband, Partner",0.138208585,GMIR81FL.DTA,Gambia,2019
Current User,Joint Decision,0.530588705,GMIR81FL.DTA,Gambia,2019
Current User,Other,0.004162879,GMIR81FL.DTA,Gambia,2019
Never User,Mainly Respondent,0.662472939,GMIR81FL.DTA,Gambia,2019
Never User,"Mainly Husband, Partner",0.108903994,GMIR81FL.DTA,Gambia,2019
Never User,Joint Decision,0.201630977,GMIR81FL.DTA,Gambia,2019
Never User,Other,0.02699209,GMIR81FL.DTA,Gambia,2019
Former User,Mainly Respondent,0.668112701,GMIR81FL.DTA,Gambia,2019
Former User,"Mainly Husband, Partner",0.092198655,GMIR81FL.DTA,Gambia,2019
Former User,Joint Decision,0.222404784,GMIR81FL.DTA,Gambia,2019
Former User,Other,0.01728386,GMIR81FL.DTA,Gambia,2019
Current User,Mainly Respondent,0.331160398,GMIR60FL.DTA,Gambia,2013
Current User,"Mainly Husband, Partner",0.148506232,GMIR60FL.DTA,Gambia,2013
Current User,Joint Decision,0.458265201,GMIR60FL.DTA,Gambia,2013
Current User,Missing,0.062068169,GMIR60FL.DTA,Gambia,2013
Current User,Mainly Respondent,0.271355587,GHIR72FL.DTA,Ghana,2014
Current User,"Mainly Husband, Partner",0.09566097,GHIR72FL.DTA,Ghana,2014
Current User,Joint Decision,0.627972727,GHIR72FL.DTA,Ghana,2014
Current User,Other,0.005010716,GHIR72FL.DTA,Ghana,2014
Current User,Mainly Respondent,0.175597206,GUIR71FL.DTA,Guatemala,2014
Current User,"Mainly Husband, Partner",0.083843408,GUIR71FL.DTA,Guatemala,2014
Current User,Joint Decision,0.737551466,GUIR71FL.DTA,Guatemala,2014
Current User,Other,0.00300792,GUIR71FL.DTA,Guatemala,2014
Current User,Mainly Respondent,0.654700378,GNIR71FL.DTA,Guinea,2018
Current User,"Mainly Husband, Partner",0.148562141,GNIR71FL.DTA,Guinea,2018
Current User,Joint Decision,0.196737481,GNIR71FL.DTA,Guinea,2018
Never User,Mainly Respondent,0.574859911,GNIR71FL.DTA,Guinea,2018
Never User,"Mainly Husband, Partner",0.205225092,GNIR71FL.DTA,Guinea,2018
Never User,Joint Decision,0.172298642,GNIR71FL.DTA,Guinea,2018
Never User,Other,0.047616355,GNIR71FL.DTA,Guinea,2018
Former User,Mainly Respondent,0.616179573,GNIR71FL.DTA,Guinea,2018
Former User,"Mainly Husband, Partner",0.193409502,GNIR71FL.DTA,Guinea,2018
Former User,Joint Decision,0.167703333,GNIR71FL.DTA,Guinea,2018
Former User,Other,0.022707592,GNIR71FL.DTA,Guinea,2018
Current User,Mainly Respondent,0.527177461,GNIR62FL.DTA,Guinea,2012
Current User,"Mainly Husband, Partner",0.081135782,GNIR62FL.DTA,Guinea,2012
Current User,Joint Decision,0.389462042,GNIR62FL.DTA,Guinea,2012
Current User,Other,0.002224715,GNIR62FL.DTA,Guinea,2012
Current User,Mainly Respondent,0.192527579,HNIR62FL.DTA,Honduras,2011
Current User,"Mainly Husband, Partner",0.113420548,HNIR62FL.DTA,Honduras,2011
Current User,Joint Decision,0.685970021,HNIR62FL.DTA,Honduras,2011
Current User,Other,0.006273991,HNIR62FL.DTA,Honduras,2011
Current User,Missing,0.001807861,HNIR62FL.DTA,Honduras,2011
Current User,Mainly Respondent,0.101145273,IAIR7DFL.DTA,India,2019
Current User,"Mainly Husband, Partner",0.080027596,IAIR7DFL.DTA,India,2019
Current User,Joint Decision,0.81740352,IAIR7DFL.DTA,India,2019
Current User,Other,0.001423611,IAIR7DFL.DTA,India,2019
Current User,Mainly Respondent,0.082324716,IAIR73FL.DTA,India,2015
Current User,"Mainly Husband, Partner",0.082572764,IAIR73FL.DTA,India,2015
Current User,Joint Decision,0.833912366,IAIR73FL.DTA,India,2015
Current User,Other,0.001190155,IAIR73FL.DTA,India,2015
Current User,Mainly Respondent,0.353286059,IDIR71FL.DTA,Indonesia,2017
Current User,"Mainly Husband, Partner",0.072285285,IDIR71FL.DTA,Indonesia,2017
Current User,Joint Decision,0.571674803,IDIR71FL.DTA,Indonesia,2017
Current User,Other,0.002753853,IDIR71FL.DTA,Indonesia,2017
Never User,Mainly Respondent,0.281670843,IDIR71FL.DTA,Indonesia,2017
Never User,"Mainly Husband, Partner",0.101532535,IDIR71FL.DTA,Indonesia,2017
Never User,Joint Decision,0.602946606,IDIR71FL.DTA,Indonesia,2017
Never User,Other,0.013850016,IDIR71FL.DTA,Indonesia,2017
Former User,Mainly Respondent,0.436360513,IDIR71FL.DTA,Indonesia,2017
Former User,"Mainly Husband, Partner",0.069107442,IDIR71FL.DTA,Indonesia,2017
Former User,Joint Decision,0.476538733,IDIR71FL.DTA,Indonesia,2017
Former User,Other,0.017993312,IDIR71FL.DTA,Indonesia,2017
Current User,Mainly Respondent,0.329074376,IDIR63FL.DTA,Indonesia,2012
Current User,"Mainly Husband, Partner",0.083763103,IDIR63FL.DTA,Indonesia,2012
Current User,Joint Decision,0.585375887,IDIR63FL.DTA,Indonesia,2012
Current User,Other,0.001786634,IDIR63FL.DTA,Indonesia,2012
Current User,Mainly Respondent,0.084205257,JOIR72FL.DTA,Jordan,2017
Current User,"Mainly Husband, Partner",0.06992464,JOIR72FL.DTA,Jordan,2017
Current User,Joint Decision,0.845423691,JOIR72FL.DTA,Jordan,2017
Current User,Other,0.000446412,JOIR72FL.DTA,Jordan,2017
Never User,Mainly Respondent,0.118379526,JOIR72FL.DTA,Jordan,2017
Never User,"Mainly Husband, Partner",0.121796179,JOIR72FL.DTA,Jordan,2017
Never User,Joint Decision,0.750537745,JOIR72FL.DTA,Jordan,2017
Never User,Other,0.00928655,JOIR72FL.DTA,Jordan,2017
Former User,Mainly Respondent,0.119650063,JOIR72FL.DTA,Jordan,2017
Former User,"Mainly Husband, Partner",0.075838676,JOIR72FL.DTA,Jordan,2017
Former User,Joint Decision,0.797935569,JOIR72FL.DTA,Jordan,2017
Former User,Other,0.006575692,JOIR72FL.DTA,Jordan,2017
Current User,Mainly Respondent,0.163231034,JOIR6CFL.DTA,Jordan,2012
Current User,Mainly Husband,0.045942924,JOIR6CFL.DTA,Jordan,2012
Current User,Joint Decision,0.789742701,JOIR6CFL.DTA,Jordan,2012
Current User,Other,0.001083341,JOIR6CFL.DTA,Jordan,2012
Current User,Mainly Respondent,0.310287194,KEIR72FL.DTA,Kenya,2014
Current User,"Mainly Husband, Partner",0.10449264,KEIR72FL.DTA,Kenya,2014
Current User,Joint Decision,0.583983016,KEIR72FL.DTA,Kenya,2014
Current User,Other,0.00123715,KEIR72FL.DTA,Kenya,2014
Current User,Mainly Respondent,0.387732483,KYIR61FL.DTA,Kyrgyz Republic,2012
Current User,"Mainly Husband, Partner",0.052048782,KYIR61FL.DTA,Kyrgyz Republic,2012
Current User,Joint Decision,0.558661857,KYIR61FL.DTA,Kyrgyz Republic,2012
Current User,Other,0.001556878,KYIR61FL.DTA,Kyrgyz Republic,2012
Current User,Mainly Respondent,0.175926529,LSIR71FL.DTA,Lesotho,2014
Current User,"Mainly Husband, Partner",0.063037397,LSIR71FL.DTA,Lesotho,2014
Current User,Joint Decision,0.754544214,LSIR71FL.DTA,Lesotho,2014
Current User,Other,0.00649186,LSIR71FL.DTA,Lesotho,2014
Current User,Mainly Respondent,0.381004256,LBIR7AFL.DTA,Liberia,2019
Current User,"Mainly Husband, Partner",0.130671182,LBIR7AFL.DTA,Liberia,2019
Current User,Joint Decision,0.483528829,LBIR7AFL.DTA,Liberia,2019
Current User,Other,0.004795733,LBIR7AFL.DTA,Liberia,2019
Never User,Mainly Respondent,0.479390443,LBIR7AFL.DTA,Liberia,2019
Never User,"Mainly Husband, Partner",0.185803494,LBIR7AFL.DTA,Liberia,2019
Never User,Joint Decision,0.312343552,LBIR7AFL.DTA,Liberia,2019
Never User,Other,0.022462511,LBIR7AFL.DTA,Liberia,2019
Former User,Mainly Respondent,0.575766982,LBIR7AFL.DTA,Liberia,2019
Former User,"Mainly Husband, Partner",0.111840723,LBIR7AFL.DTA,Liberia,2019
Former User,Joint Decision,0.301823671,LBIR7AFL.DTA,Liberia,2019
Former User,Other,0.010568623,LBIR7AFL.DTA,Liberia,2019
Current User,Mainly Respondent,0.38677897,LBIR6AFL.DTA,Liberia,2013
Current User,"Mainly Husband, Partner",0.094071879,LBIR6AFL.DTA,Liberia,2013
Current User,Joint Decision,0.499296414,LBIR6AFL.DTA,Liberia,2013
Current User,Other,0.013039643,LBIR6AFL.DTA,Liberia,2013
Current User,Missing,0.006813094,LBIR6AFL.DTA,Liberia,2013
Current User,Mainly Respondent,0.144768572,MDIR81FL.DTA,Madagascar,2021
Current User,"Mainly Husband, Partner",0.049789373,MDIR81FL.DTA,Madagascar,2021
Current User,Joint Decision,0.80256406,MDIR81FL.DTA,Madagascar,2021
Current User,Other,0.002877995,MDIR81FL.DTA,Madagascar,2021
Never User,Mainly Respondent,0.290287668,MDIR81FL.DTA,Madagascar,2021
Never User,"Mainly Husband, Partner",0.088365708,MDIR81FL.DTA,Madagascar,2021
Never User,Joint Decision,0.597837031,MDIR81FL.DTA,Madagascar,2021
Never User,Other,0.023509593,MDIR81FL.DTA,Madagascar,2021
Former User,Mainly Respondent,0.280849061,MDIR81FL.DTA,Madagascar,2021
Former User,"Mainly Husband, Partner",0.051976761,MDIR81FL.DTA,Madagascar,2021
Former User,Joint Decision,0.645362768,MDIR81FL.DTA,Madagascar,2021
Former User,Other,0.02181141,MDIR81FL.DTA,Madagascar,2021
Current User,Mainly Respondent,0.127985843,MWIR7AFL.DTA,Malawi,2015
Current User,"Mainly Husband, Partner",0.064612128,MWIR7AFL.DTA,Malawi,2015
Current User,Joint Decision,0.797441522,MWIR7AFL.DTA,Malawi,2015
Current User,Other,0.009960507,MWIR7AFL.DTA,Malawi,2015
Never User,Mainly Respondent,0.326033539,MWIR7AFL.DTA,Malawi,2015
Never User,"Mainly Husband, Partner",0.097209186,MWIR7AFL.DTA,Malawi,2015
Never User,Joint Decision,0.525098177,MWIR7AFL.DTA,Malawi,2015
Never User,Other,0.051659098,MWIR7AFL.DTA,Malawi,2015
Former User,Mainly Respondent,0.298593253,MWIR7AFL.DTA,Malawi,2015
Former User,"Mainly Husband, Partner",0.076027496,MWIR7AFL.DTA,Malawi,2015
Former User,Joint Decision,0.591841574,MWIR7AFL.DTA,Malawi,2015
Former User,Other,0.033537677,MWIR7AFL.DTA,Malawi,2015
Current User,Mainly Respondent,0.041063249,MVIR71FL.DTA,Maldives,2016
Current User,"Mainly Husband, Partner",0.054791107,MVIR71FL.DTA,Maldives,2016
Current User,Joint Decision,0.887268208,MVIR71FL.DTA,Maldives,2016
Current User,Other,0.016877436,MVIR71FL.DTA,Maldives,2016
Never User,Mainly Respondent,0.039302754,MVIR71FL.DTA,Maldives,2016
Never User,"Mainly Husband, Partner",0.083498306,MVIR71FL.DTA,Maldives,2016
Never User,Joint Decision,0.743449502,MVIR71FL.DTA,Maldives,2016
Never User,Other,0.133749437,MVIR71FL.DTA,Maldives,2016
Former User,Mainly Respondent,0.062655755,MVIR71FL.DTA,Maldives,2016
Former User,"Mainly Husband, Partner",0.048771754,MVIR71FL.DTA,Maldives,2016
Former User,Joint Decision,0.864747013,MVIR71FL.DTA,Maldives,2016
Former User,Other,0.023825478,MVIR71FL.DTA,Maldives,2016
Current User,Mainly Respondent,0.3829614,MLIR7HFL.DTA,Mali,2018
Current User,"Mainly Husband, Partner",0.225295349,MLIR7HFL.DTA,Mali,2018
Current User,Joint Decision,0.383554546,MLIR7HFL.DTA,Mali,2018
Current User,Other,0.008188705,MLIR7HFL.DTA,Mali,2018
Never User,Mainly Respondent,0.485217013,MLIR7HFL.DTA,Mali,2018
Never User,"Mainly Husband, Partner",0.354932426,MLIR7HFL.DTA,Mali,2018
Never User,Joint Decision,0.12144962,MLIR7HFL.DTA,Mali,2018
Never User,Other,0.03840094,MLIR7HFL.DTA,Mali,2018
Former User,Mainly Respondent,0.529915067,MLIR7HFL.DTA,Mali,2018
Former User,"Mainly Husband, Partner",0.215975078,MLIR7HFL.DTA,Mali,2018
Former User,Joint Decision,0.216424314,MLIR7HFL.DTA,Mali,2018
Former User,Other,0.037685542,MLIR7HFL.DTA,Mali,2018
Current User,Mainly Respondent,0.441647735,MLIR6AFL.DTA,Mali,2012
Current User,"Mainly Husband, Partner",0.189366263,MLIR6AFL.DTA,Mali,2012
Current User,Joint Decision,0.368307094,MLIR6AFL.DTA,Mali,2012
Current User,Other,0.000678907,MLIR6AFL.DTA,Mali,2012
Current User,Mainly Respondent,0.236351895,MRIR71FL.DTA,Mauritania,2019
Current User,"Mainly Husband, Partner",0.132416351,MRIR71FL.DTA,Mauritania,2019
Current User,Joint Decision,0.627757934,MRIR71FL.DTA,Mauritania,2019
Current User,Other,0.00347382,MRIR71FL.DTA,Mauritania,2019
Never User,Mainly Respondent,0.358276431,MRIR71FL.DTA,Mauritania,2019
Never User,"Mainly Husband, Partner",0.228230899,MRIR71FL.DTA,Mauritania,2019
Never User,Joint Decision,0.388384713,MRIR71FL.DTA,Mauritania,2019
Never User,Other,0.025107957,MRIR71FL.DTA,Mauritania,2019
Former User,Mainly Respondent,0.351333666,MRIR71FL.DTA,Mauritania,2019
Former User,"Mainly Husband, Partner",0.1222968,MRIR71FL.DTA,Mauritania,2019
Former User,Joint Decision,0.515343544,MRIR71FL.DTA,Mauritania,2019
Former User,Other,0.01102599,MRIR71FL.DTA,Mauritania,2019
Current User,Mainly Respondent,0.326769001,MZIR62FL.DTA,Mozambique,2011
Current User,"Mainly Husband, Partner",0.149610356,MZIR62FL.DTA,Mozambique,2011
Current User,Joint Decision,0.519737338,MZIR62FL.DTA,Mozambique,2011
Current User,Other,0.003883305,MZIR62FL.DTA,Mozambique,2011
Current User,Mainly Respondent,0.189997322,NPIR7HFL.DTA,Nepal,2016
Current User,"Mainly Husband, Partner",0.146126756,NPIR7HFL.DTA,Nepal,2016
Current User,Joint Decision,0.66234897,NPIR7HFL.DTA,Nepal,2016
Current User,Other,0.001526952,NPIR7HFL.DTA,Nepal,2016
Never User,Mainly Respondent,0.178452851,NPIR7HFL.DTA,Nepal,2016
Never User,"Mainly Husband, Partner",0.123356261,NPIR7HFL.DTA,Nepal,2016
Never User,Joint Decision,0.670403219,NPIR7HFL.DTA,Nepal,2016
Never User,Other,0.027787668,NPIR7HFL.DTA,Nepal,2016
Former User,Mainly Respondent,0.2996211,NPIR7HFL.DTA,Nepal,2016
Former User,"Mainly Husband, Partner",0.101327516,NPIR7HFL.DTA,Nepal,2016
Former User,Joint Decision,0.584782247,NPIR7HFL.DTA,Nepal,2016
Former User,Other,0.014269137,NPIR7HFL.DTA,Nepal,2016
Current User,Mainly Respondent,0.1803585,NPIR60FL.DTA,Nepal,2011
Current User,"Mainly Husband, Partner",0.124474895,NPIR60FL.DTA,Nepal,2011
Current User,Joint Decision,0.693438008,NPIR60FL.DTA,Nepal,2011
Current User,Other,0.001728597,NPIR60FL.DTA,Nepal,2011
Current User,Mainly Respondent,0.433596337,NIIR61FL.DTA,Niger,2012
Current User,"Mainly Husband, Partner",0.109776249,NIIR61FL.DTA,Niger,2012
Current User,Joint Decision,0.308966618,NIIR61FL.DTA,Niger,2012
Current User,Other,0.112248468,NIIR61FL.DTA,Niger,2012
Current User,Missing,0.035412329,NIIR61FL.DTA,Niger,2012
Current User,Mainly Respondent,0.232288992,NGIR7AFL.DTA,Nigeria,2018
Current User,"Mainly Husband, Partner",0.101454477,NGIR7AFL.DTA,Nigeria,2018
Current User,Joint Decision,0.663410531,NGIR7AFL.DTA,Nigeria,2018
Current User,Other,0.002846,NGIR7AFL.DTA,Nigeria,2018
Never User,Mainly Respondent,0.37960975,NGIR7AFL.DTA,Nigeria,2018
Never User,"Mainly Husband, Partner",0.206049905,NGIR7AFL.DTA,Nigeria,2018
Never User,Joint Decision,0.398422805,NGIR7AFL.DTA,Nigeria,2018
Never User,Other,0.01591754,NGIR7AFL.DTA,Nigeria,2018
Former User,Mainly Respondent,0.372500358,NGIR7AFL.DTA,Nigeria,2018
Former User,"Mainly Husband, Partner",0.109927441,NGIR7AFL.DTA,Nigeria,2018
Former User,Joint Decision,0.487867067,NGIR7AFL.DTA,Nigeria,2018
Former User,Other,0.029705134,NGIR7AFL.DTA,Nigeria,2018
Current User,Mainly Respondent,0.202155517,NGIR6AFL.DTA,Nigeria,2013
Current User,"Mainly Husband, Partner",0.147989165,NGIR6AFL.DTA,Nigeria,2013
Current User,Joint Decision,0.615129414,NGIR6AFL.DTA,Nigeria,2013
Current User,Other,0.001100692,NGIR6AFL.DTA,Nigeria,2013
Current User,Missing,0.033625212,NGIR6AFL.DTA,Nigeria,2013
Current User,Mainly Respondent,0.070296926,PKIR71FL.DTA,Pakistan,2017
Current User,"Mainly Husband, Partner",0.057671101,PKIR71FL.DTA,Pakistan,2017
Current User,Joint Decision,0.870920861,PKIR71FL.DTA,Pakistan,2017
Current User,Other,0.001111113,PKIR71FL.DTA,Pakistan,2017
Never User,Mainly Respondent,0.080504038,PKIR71FL.DTA,Pakistan,2017
Never User,"Mainly Husband, Partner",0.170486105,PKIR71FL.DTA,Pakistan,2017
Never User,Joint Decision,0.702046485,PKIR71FL.DTA,Pakistan,2017
Never User,Other,0.046963372,PKIR71FL.DTA,Pakistan,2017
Former User,Mainly Respondent,0.14047544,PKIR71FL.DTA,Pakistan,2017
Former User,"Mainly Husband, Partner",0.087957821,PKIR71FL.DTA,Pakistan,2017
Former User,Joint Decision,0.685250561,PKIR71FL.DTA,Pakistan,2017
Former User,Other,0.086316178,PKIR71FL.DTA,Pakistan,2017
Current User,Mainly Respondent,0.104065278,PHIR61FL.DTA,Philippines,2013
Current User,"Mainly Husband, Partner",0.071092241,PHIR61FL.DTA,Philippines,2013
Current User,Joint Decision,0.818431266,PHIR61FL.DTA,Philippines,2013
Current User,Other,0.004027596,PHIR61FL.DTA,Philippines,2013
Current User,Missing,0.002383619,PHIR61FL.DTA,Philippines,2013
Current User,Mainly Respondent,0.096044027,RWIR81FL.DTA,Rwanda,2019
Current User,"Mainly Husband, Partner",0.02622239,RWIR81FL.DTA,Rwanda,2019
Current User,Joint Decision,0.875108728,RWIR81FL.DTA,Rwanda,2019
Current User,Other,0.002624855,RWIR81FL.DTA,Rwanda,2019
Never User,Mainly Respondent,0.271951205,RWIR81FL.DTA,Rwanda,2019
Never User,"Mainly Husband, Partner",0.042209923,RWIR81FL.DTA,Rwanda,2019
Never User,Joint Decision,0.59206445,RWIR81FL.DTA,Rwanda,2019
Never User,Other,0.093774422,RWIR81FL.DTA,Rwanda,2019
Former User,Mainly Respondent,0.330404331,RWIR81FL.DTA,Rwanda,2019
Former User,"Mainly Husband, Partner",0.040858488,RWIR81FL.DTA,Rwanda,2019
Former User,Joint Decision,0.586114511,RWIR81FL.DTA,Rwanda,2019
Former User,Other,0.042622671,RWIR81FL.DTA,Rwanda,2019
Current User,Mainly Respondent,0.087159025,RWIR70FL.DTA,Rwanda,2014
Current User,"Mainly Husband, Partner",0.020359442,RWIR70FL.DTA,Rwanda,2014
Current User,Joint Decision,0.891657115,RWIR70FL.DTA,Rwanda,2014
Current User,Other,0.000824419,RWIR70FL.DTA,Rwanda,2014
Current User,Mainly Respondent,0.080776662,RWIR61FL.DTA,Rwanda,2010
Current User,"Mainly Husband, Partner",0.031970632,RWIR61FL.DTA,Rwanda,2010
Current User,Joint Decision,0.880665817,RWIR61FL.DTA,Rwanda,2010
Current User,Other,0.002459132,RWIR61FL.DTA,Rwanda,2010
Current User,Missing,0.004127756,RWIR61FL.DTA,Rwanda,2010
Current User,Mainly Respondent,0.20812925,SNIR8AFL.DTA,Senegal,2019
Current User,"Mainly Husband, Partner",0.170519804,SNIR8AFL.DTA,Senegal,2019
Current User,Joint Decision,0.610545452,SNIR8AFL.DTA,Senegal,2019
Current User,Other,0.010805494,SNIR8AFL.DTA,Senegal,2019
Never User,Mainly Respondent,0.480008705,SNIR8AFL.DTA,Senegal,2019
Never User,"Mainly Husband, Partner",0.302511611,SNIR8AFL.DTA,Senegal,2019
Never User,Joint Decision,0.185433551,SNIR8AFL.DTA,Senegal,2019
Never User,Other,0.032046133,SNIR8AFL.DTA,Senegal,2019
Former User,Mainly Respondent,0.548921673,SNIR8AFL.DTA,Senegal,2019
Former User,"Mainly Husband, Partner",0.149298487,SNIR8AFL.DTA,Senegal,2019
Former User,Joint Decision,0.283209527,SNIR8AFL.DTA,Senegal,2019
Former User,Other,0.018570312,SNIR8AFL.DTA,Senegal,2019
Current User,Mainly Respondent,0.199467203,SNIR80FL.DTA,Senegal,2018
Current User,"Mainly Husband, Partner",0.103807268,SNIR80FL.DTA,Senegal,2018
Current User,Joint Decision,0.67022274,SNIR80FL.DTA,Senegal,2018
Current User,Other,0.026502789,SNIR80FL.DTA,Senegal,2018
Never User,Mainly Respondent,0.556896289,SNIR80FL.DTA,Senegal,2018
Never User,"Mainly Husband, Partner",0.234741462,SNIR80FL.DTA,Senegal,2018
Never User,Joint Decision,0.186825871,SNIR80FL.DTA,Senegal,2018
Never User,Other,0.021536378,SNIR80FL.DTA,Senegal,2018
Former User,Mainly Respondent,0.569070562,SNIR80FL.DTA,Senegal,2018
Former User,"Mainly Husband, Partner",0.172442879,SNIR80FL.DTA,Senegal,2018
Former User,Joint Decision,0.234418987,SNIR80FL.DTA,Senegal,2018
Former User,Other,0.024067573,SNIR80FL.DTA,Senegal,2018
Current User,Mainly Respondent,0.247925781,SNIR7ZFL.DTA,Senegal,2017
Current User,"Mainly Husband, Partner",0.118768395,SNIR7ZFL.DTA,Senegal,2017
Current User,Joint Decision,0.598302551,SNIR7ZFL.DTA,Senegal,2017
Current User,Other,0.035003273,SNIR7ZFL.DTA,Senegal,2017
Never User,Mainly Respondent,0.579197524,SNIR7ZFL.DTA,Senegal,2017
Never User,"Mainly Husband, Partner",0.169070747,SNIR7ZFL.DTA,Senegal,2017
Never User,Joint Decision,0.197184631,SNIR7ZFL.DTA,Senegal,2017
Never User,Other,0.054547097,SNIR7ZFL.DTA,Senegal,2017
Former User,Mainly Respondent,0.550789649,SNIR7ZFL.DTA,Senegal,2017
Former User,"Mainly Husband, Partner",0.143086256,SNIR7ZFL.DTA,Senegal,2017
Former User,Joint Decision,0.274763579,SNIR7ZFL.DTA,Senegal,2017
Former User,Other,0.031360516,SNIR7ZFL.DTA,Senegal,2017
Current User,Mainly Respondent,0.193466672,SNIR7QFL.DTA,Senegal,2016
Current User,"Mainly Husband, Partner",0.073350568,SNIR7QFL.DTA,Senegal,2016
Current User,Joint Decision,0.695398614,SNIR7QFL.DTA,Senegal,2016
Current User,Other,0.037784146,SNIR7QFL.DTA,Senegal,2016
Current User,Mainly Respondent,0.191098878,SNIR7HFL.DTA,Senegal,2015
Current User,"Mainly Husband, Partner",0.111607424,SNIR7HFL.DTA,Senegal,2015
Current User,Joint Decision,0.684174618,SNIR7HFL.DTA,Senegal,2015
Current User,Other,0.01311908,SNIR7HFL.DTA,Senegal,2015
Current User,Mainly Respondent,0.240714377,SNIR70FL.DTA,Senegal,2014
Current User,"Mainly Husband, Partner",0.073907747,SNIR70FL.DTA,Senegal,2014
Current User,Joint Decision,0.685377876,SNIR70FL.DTA,Senegal,2014
Current User,Mainly Respondent,0.211393935,SNIR6DFL.DTA,Senegal,2012
Current User,"Mainly Husband, Partner",0.110132164,SNIR6DFL.DTA,Senegal,2012
Current User,Joint Decision,0.676911941,SNIR6DFL.DTA,Senegal,2012
Current User,Other,0.001561961,SNIR6DFL.DTA,Senegal,2012
Current User,Mainly Respondent,0.250713525,SNIR61FL.DTA,Senegal,2010
Current User,"Mainly Husband, Partner",0.141828673,SNIR61FL.DTA,Senegal,2010
Current User,Joint Decision,0.581049529,SNIR61FL.DTA,Senegal,2010
Current User,Other,0.026408273,SNIR61FL.DTA,Senegal,2010
Current User,Mainly Respondent,0.496847421,SLIR7AFL.DTA,Sierra Leone,2019
Current User,"Mainly Husband, Partner",0.148394501,SLIR7AFL.DTA,Sierra Leone,2019
Current User,Joint Decision,0.35456291,SLIR7AFL.DTA,Sierra Leone,2019
Current User,Other,0.000195169,SLIR7AFL.DTA,Sierra Leone,2019
Never User,Mainly Respondent,0.513105571,SLIR7AFL.DTA,Sierra Leone,2019
Never User,"Mainly Husband, Partner",0.21969572,SLIR7AFL.DTA,Sierra Leone,2019
Never User,Joint Decision,0.225577056,SLIR7AFL.DTA,Sierra Leone,2019
Never User,Other,0.041621653,SLIR7AFL.DTA,Sierra Leone,2019
Former User,Mainly Respondent,0.552349963,SLIR7AFL.DTA,Sierra Leone,2019
Former User,"Mainly Husband, Partner",0.139593231,SLIR7AFL.DTA,Sierra Leone,2019
Former User,Joint Decision,0.267517623,SLIR7AFL.DTA,Sierra Leone,2019
Former User,Other,0.040539182,SLIR7AFL.DTA,Sierra Leone,2019
Current User,Mainly Respondent,0.445655376,SLIR61FL.DTA,Sierra Leone,2013
Current User,"Mainly Husband, Partner",0.168978475,SLIR61FL.DTA,Sierra Leone,2013
Current User,Joint Decision,0.356520031,SLIR61FL.DTA,Sierra Leone,2013
Current User,Other,0.004669675,SLIR61FL.DTA,Sierra Leone,2013
Current User,Missing,0.024176443,SLIR61FL.DTA,Sierra Leone,2013
Current User,Mainly Respondent,0.414060278,ZAIR71FL.DTA,South Africa,2016
Current User,"Mainly Husband, Partner",0.108212349,ZAIR71FL.DTA,South Africa,2016
Current User,Joint Decision,0.471831713,ZAIR71FL.DTA,South Africa,2016
Current User,Other,0.00589566,ZAIR71FL.DTA,South Africa,2016
Never User,Mainly Respondent,0.337063086,ZAIR71FL.DTA,South Africa,2016
Never User,"Mainly Husband, Partner",0.203341507,ZAIR71FL.DTA,South Africa,2016
Never User,Joint Decision,0.421737833,ZAIR71FL.DTA,South Africa,2016
Never User,Other,0.037857575,ZAIR71FL.DTA,South Africa,2016
Former User,Mainly Respondent,0.415476729,ZAIR71FL.DTA,South Africa,2016
Former User,"Mainly Husband, Partner",0.146185132,ZAIR71FL.DTA,South Africa,2016
Former User,Joint Decision,0.426903759,ZAIR71FL.DTA,South Africa,2016
Former User,Other,0.01143438,ZAIR71FL.DTA,South Africa,2016
Current User,Mainly Respondent,0.25484676,TJIR71FL.DTA,Tajikistan,2017
Current User,"Mainly Husband, Partner",0.167259092,TJIR71FL.DTA,Tajikistan,2017
Current User,Joint Decision,0.574466791,TJIR71FL.DTA,Tajikistan,2017
Current User,Other,0.003427356,TJIR71FL.DTA,Tajikistan,2017
Never User,Mainly Respondent,0.33199606,TJIR71FL.DTA,Tajikistan,2017
Never User,"Mainly Husband, Partner",0.24241583,TJIR71FL.DTA,Tajikistan,2017
Never User,Joint Decision,0.425588109,TJIR71FL.DTA,Tajikistan,2017
Former User,Mainly Respondent,0.444527218,TJIR71FL.DTA,Tajikistan,2017
Former User,"Mainly Husband, Partner",0.15164557,TJIR71FL.DTA,Tajikistan,2017
Former User,Joint Decision,0.403827212,TJIR71FL.DTA,Tajikistan,2017
Current User,Mainly Respondent,0.351046364,TJIR61FL.DTA,Tajikistan,2012
Current User,"Mainly Husband, Partner",0.131712993,TJIR61FL.DTA,Tajikistan,2012
Current User,Joint Decision,0.510848068,TJIR61FL.DTA,Tajikistan,2012
Current User,Other,0.006392575,TJIR61FL.DTA,Tajikistan,2012
Current User,Mainly Respondent,0.165213746,TZIR7BFL.DTA,Tanzania,2015
Current User,"Mainly Husband, Partner",0.035590261,TZIR7BFL.DTA,Tanzania,2015
Current User,Joint Decision,0.797666973,TZIR7BFL.DTA,Tanzania,2015
Current User,Other,0.001529021,TZIR7BFL.DTA,Tanzania,2015
Never User,Mainly Respondent,0.342803404,TZIR7BFL.DTA,Tanzania,2015
Never User,"Mainly Husband, Partner",0.1359426,TZIR7BFL.DTA,Tanzania,2015
Never User,Joint Decision,0.494694347,TZIR7BFL.DTA,Tanzania,2015
Never User,Other,0.026559649,TZIR7BFL.DTA,Tanzania,2015
Former User,Mainly Respondent,0.320159724,TZIR7BFL.DTA,Tanzania,2015
Former User,"Mainly Husband, Partner",0.071188931,TZIR7BFL.DTA,Tanzania,2015
Former User,Joint Decision,0.583042483,TZIR7BFL.DTA,Tanzania,2015
Former User,Other,0.025608862,TZIR7BFL.DTA,Tanzania,2015
Current User,Mainly Respondent,0.084140892,TLIR71FL.DTA,Timor-Leste,2016
Current User,"Mainly Husband, Partner",0.062220138,TLIR71FL.DTA,Timor-Leste,2016
Current User,Joint Decision,0.853638969,TLIR71FL.DTA,Timor-Leste,2016
Never User,Mainly Respondent,0.155958312,TLIR71FL.DTA,Timor-Leste,2016
Never User,"Mainly Husband, Partner",0.07897442,TLIR71FL.DTA,Timor-Leste,2016
Never User,Joint Decision,0.764918252,TLIR71FL.DTA,Timor-Leste,2016
Never User,Other,0.000149015,TLIR71FL.DTA,Timor-Leste,2016
Former User,Mainly Respondent,0.177399944,TLIR71FL.DTA,Timor-Leste,2016
Former User,"Mainly Husband, Partner",0.070021066,TLIR71FL.DTA,Timor-Leste,2016
Former User,Joint Decision,0.750641623,TLIR71FL.DTA,Timor-Leste,2016
Former User,Other,0.001937367,TLIR71FL.DTA,Timor-Leste,2016
Current User,Mainly Respondent,0.274101678,TGIR61FL.DTA,Togo,2013
Current User,"Mainly Husband, Partner",0.153712947,TGIR61FL.DTA,Togo,2013
Current User,Joint Decision,0.568925166,TGIR61FL.DTA,Togo,2013
Current User,Other,0.003260209,TGIR61FL.DTA,Togo,2013
Current User,Mainly Respondent,0.306352647,UGIR7BFL.DTA,Uganda,2016
Current User,"Mainly Husband, Partner",0.071276228,UGIR7BFL.DTA,Uganda,2016
Current User,Joint Decision,0.61982876,UGIR7BFL.DTA,Uganda,2016
Current User,Other,0.002542365,UGIR7BFL.DTA,Uganda,2016
Never User,Mainly Respondent,0.387512231,UGIR7BFL.DTA,Uganda,2016
Never User,"Mainly Husband, Partner",0.136092493,UGIR7BFL.DTA,Uganda,2016
Never User,Joint Decision,0.431558267,UGIR7BFL.DTA,Uganda,2016
Never User,Other,0.044837009,UGIR7BFL.DTA,Uganda,2016
Former User,Mainly Respondent,0.431631727,UGIR7BFL.DTA,Uganda,2016
Former User,"Mainly Husband, Partner",0.108718537,UGIR7BFL.DTA,Uganda,2016
Former User,Joint Decision,0.440830196,UGIR7BFL.DTA,Uganda,2016
Former User,Other,0.01881954,UGIR7BFL.DTA,Uganda,2016
Current User,Mainly Respondent,0.340875097,UGIR60FL.DTA,Uganda,2011
Current User,"Mainly Husband, Partner",0.104330474,UGIR60FL.DTA,Uganda,2011
Current User,Joint Decision,0.552592639,UGIR60FL.DTA,Uganda,2011
Current User,Other,0.00166923,UGIR60FL.DTA,Uganda,2011
Current User,Missing,0.00053256,UGIR60FL.DTA,Uganda,2011
Current User,Mainly Respondent,0.150760325,ZMIR71FL.DTA,Zambia,2018
Current User,"Mainly Husband, Partner",0.109059832,ZMIR71FL.DTA,Zambia,2018
Current User,Joint Decision,0.738233846,ZMIR71FL.DTA,Zambia,2018
Current User,Other,0.001945997,ZMIR71FL.DTA,Zambia,2018
Never User,Mainly Respondent,0.290161929,ZMIR71FL.DTA,Zambia,2018
Never User,"Mainly Husband, Partner",0.11685109,ZMIR71FL.DTA,Zambia,2018
Never User,Joint Decision,0.544217974,ZMIR71FL.DTA,Zambia,2018
Never User,Other,0.048769008,ZMIR71FL.DTA,Zambia,2018
Former User,Mainly Respondent,0.295050931,ZMIR71FL.DTA,Zambia,2018
Former User,"Mainly Husband, Partner",0.127149642,ZMIR71FL.DTA,Zambia,2018
Former User,Joint Decision,0.563270787,ZMIR71FL.DTA,Zambia,2018
Former User,Other,0.01452864,ZMIR71FL.DTA,Zambia,2018
Current User,Mainly Respondent,0.185575992,ZMIR61FL.DTA,Zambia,2013
Current User,"Mainly Husband, Partner",0.161259877,ZMIR61FL.DTA,Zambia,2013
Current User,Joint Decision,0.646489621,ZMIR61FL.DTA,Zambia,2013
Current User,Other,0.00667451,ZMIR61FL.DTA,Zambia,2013
Current User,Mainly Respondent,0.169980843,ZWIR71FL.DTA,Zimbabwe,2015
Current User,"Mainly Husband, Partner",0.063452023,ZWIR71FL.DTA,Zimbabwe,2015
Current User,Joint Decision,0.76195,ZWIR71FL.DTA,Zimbabwe,2015
Current User,Other,0.004617134,ZWIR71FL.DTA,Zimbabwe,2015
Current User,Mainly Respondent,0.182822961,ZWIR62FL.DTA,Zimbabwe,2010
Current User,"Mainly Husband, Partner",0.111924161,ZWIR62FL.DTA,Zimbabwe,2010
Current User,Joint Decision,0.701853725,ZWIR62FL.DTA,Zimbabwe,2010
Current User,Other,0.003266703,ZWIR62FL.DTA,Zimbabwe,2010
Current User,Missing,0.000132449,ZWIR62FL.DTA,Zimbabwe,2010
Current User,Mainly Respondent,,TRIR61FL.DTA,Turkey,2013
Current User,"Mainly Husband, Partner",,TRIR61FL.DTA,Turkey,2013
Current User,Joint Decision,,TRIR61FL.DTA,Turkey,2013
Current User,Other,,TRIR61FL.DTA,Turkey,2013
Never User,Mainly Respondent,,TRIR61FL.DTA,Turkey,2013
Never User,"Mainly Husband, Partner",,TRIR61FL.DTA,Turkey,2013
Never User,Joint Decision,,TRIR61FL.DTA,Turkey,2013
Never User,Other,,TRIR61FL.DTA,Turkey,2013
Former User,Mainly Respondent,,TRIR61FL.DTA,Turkey,2013
Former User,"Mainly Husband, Partner",,TRIR61FL.DTA,Turkey,2013
Former User,Joint Decision,,TRIR61FL.DTA,Turkey,2013
Former User,Other,,TRIR61FL.DTA,Turkey,2013
Current User,Mainly Respondent,,DRIR61FL.DTA,Dominican Republic,2013
Current User,"Mainly Husband, Partner",,DRIR61FL.DTA,Dominican Republic,2013
Current User,Joint Decision,,DRIR61FL.DTA,Dominican Republic,2013
Current User,Other,,DRIR61FL.DTA,Dominican Republic,2013
Never User,Mainly Respondent,,DRIR61FL.DTA,Dominican Republic,2013
Never User,"Mainly Husband, Partner",,DRIR61FL.DTA,Dominican Republic,2013
Never User,Joint Decision,,DRIR61FL.DTA,Dominican Republic,2013
Never User,Other,,DRIR61FL.DTA,Dominican Republic,2013
Former User,Mainly Respondent,,DRIR61FL.DTA,Dominican Republic,2013
Former User,"Mainly Husband, Partner",,DRIR61FL.DTA,Dominican Republic,2013
Former User,Joint Decision,,DRIR61FL.DTA,Dominican Republic,2013
Former User,Other,,DRIR61FL.DTA,Dominican Republic,2013
Current User,Mainly Respondent,0.27184103,CDIR61FL.DTA,Congo Democratic Republic,2013
Current User,"Mainly Husband, Partner",0.142022236,CDIR61FL.DTA,Congo Democratic Republic,2013
Current User,Joint Decision,0.5749401,CDIR61FL.DTA,Congo Democratic Republic,2013
Current User,Other,0.011196634,CDIR61FL.DTA,Congo Democratic Republic,2013
Current User,Mainly Respondent,0.39058116,CIIR62FL.DTA,Cote d'Ivoire,2011
Current User,"Mainly Husband, Partner",0.168727108,CIIR62FL.DTA,Cote d'Ivoire,2011
Current User,Joint Decision,0.425362791,CIIR62FL.DTA,Cote d'Ivoire,2011
Current User,Other,0.015328941,CIIR62FL.DTA,Cote d'Ivoire,2011
Current User,Mainly Respondent,0.260039693,CMIR71FL.DTA,Cameroon,2018
Current User,"Mainly Husband, Partner",0.165804897,CMIR71FL.DTA,Cameroon,2018
Current User,Joint Decision,0.57332555,CMIR71FL.DTA,Cameroon,2018
Current User,Other,0.00082986,CMIR71FL.DTA,Cameroon,2018
Never User,Mainly Respondent,0.353162985,CMIR71FL.DTA,Cameroon,2018
Never User,"Mainly Husband, Partner",0.276833964,CMIR71FL.DTA,Cameroon,2018
Never User,Joint Decision,0.347931631,CMIR71FL.DTA,Cameroon,2018
Never User,Other,0.02207142,CMIR71FL.DTA,Cameroon,2018
Former User,Mainly Respondent,0.339345756,CMIR71FL.DTA,Cameroon,2018
Former User,"Mainly Husband, Partner",0.19693576,CMIR71FL.DTA,Cameroon,2018
Former User,Joint Decision,0.449512233,CMIR71FL.DTA,Cameroon,2018
Former User,Other,0.014206251,CMIR71FL.DTA,Cameroon,2018
