Time_Since_Use,Freq,SurveyName,Country,StartYear
1 Year,0.143993009,AFIR70FL.DTA,Afghanistan,2015
2 Year,0.103210588,AFIR70FL.DTA,Afghanistan,2015
3 Year,0.08023738,AFIR70FL.DTA,Afghanistan,2015
4 Year,0.062409479,AFIR70FL.DTA,Afghanistan,2015
5+ Years,0.339228064,AFIR70FL.DTA,Afghanistan,2015
Under a Year,0.270921481,AFIR70FL.DTA,Afghanistan,2015
1 Year,0.041856696,AOIR71FL.DTA,Angola,2015
2 Year,0.079439784,AOIR71FL.DTA,Angola,2015
3 Year,0.040828297,AOIR71FL.DTA,Angola,2015
4 Year,0.061041908,AOIR71FL.DTA,Angola,2015
5+ Years,0.6488303,AOIR71FL.DTA,Angola,2015
Under a Year,0.128003014,AOIR71FL.DTA,Angola,2015
1 Year,0.065728654,AMIR71FL.DTA,Armenia,2015
2 Year,0.059454649,AMIR71FL.DTA,Armenia,2015
3 Year,0.048038782,AMIR71FL.DTA,Armenia,2015
4 Year,0.032225172,AMIR71FL.DTA,Armenia,2015
5+ Years,0.540532129,AMIR71FL.DTA,Armenia,2015
Under a Year,0.254020614,AMIR71FL.DTA,Armenia,2015
1 Year,0.080267375,BDIR7RFL.DTA,Bangladesh,2017
2 Year,0.067310349,BDIR7RFL.DTA,Bangladesh,2017
3 Year,0.059906324,BDIR7RFL.DTA,Bangladesh,2017
4 Year,0.060245811,BDIR7RFL.DTA,Bangladesh,2017
5+ Years,0.310192737,BDIR7RFL.DTA,Bangladesh,2017
Under a Year,0.417591567,BDIR7RFL.DTA,Bangladesh,2017
"yes, used in calendar",0.004485838,BDIR7RFL.DTA,Bangladesh,2017
1 Year,0.080339752,BDIR72FL.DTA,Bangladesh,2014
2 Year,0.06805194,BDIR72FL.DTA,Bangladesh,2014
3 Year,0.073668262,BDIR72FL.DTA,Bangladesh,2014
4 Year,0.068146378,BDIR72FL.DTA,Bangladesh,2014
5+ Years,0.303349581,BDIR72FL.DTA,Bangladesh,2014
Under a Year,0.390479595,BDIR72FL.DTA,Bangladesh,2014
"yes, used in calendar",0.015964493,BDIR72FL.DTA,Bangladesh,2014
1 Year,0.08180987,BDIR61FL.DTA,Bangladesh,2011
2 Year,0.077644798,BDIR61FL.DTA,Bangladesh,2011
3 Year,0.0808637,BDIR61FL.DTA,Bangladesh,2011
4 Year,0.070251992,BDIR61FL.DTA,Bangladesh,2011
5+ Years,0.253111077,BDIR61FL.DTA,Bangladesh,2011
Under a Year,0.436318564,BDIR61FL.DTA,Bangladesh,2011
1 Year,0.084466172,BJIR71FL.DTA,Benin,2017
2 Year,0.092790271,BJIR71FL.DTA,Benin,2017
3 Year,0.092480847,BJIR71FL.DTA,Benin,2017
4 Year,0.079196779,BJIR71FL.DTA,Benin,2017
5+ Years,0.476839347,BJIR71FL.DTA,Benin,2017
Under a Year,0.174226584,BJIR71FL.DTA,Benin,2017
1 Year,0.062854103,BJIR61FL.DTA,Benin,2011
2 Year,0.063442845,BJIR61FL.DTA,Benin,2011
3 Year,0.070896336,BJIR61FL.DTA,Benin,2011
4 Year,0.071646435,BJIR61FL.DTA,Benin,2011
5+ Years,0.32157087,BJIR61FL.DTA,Benin,2011
Under a Year,0.409589411,BJIR61FL.DTA,Benin,2011
1 Year,0.131697644,BFIR62FL.DTA,Burkina Faso,2010
2 Year,0.157815151,BFIR62FL.DTA,Burkina Faso,2010
3 Year,0.148408896,BFIR62FL.DTA,Burkina Faso,2010
4 Year,0.10120614,BFIR62FL.DTA,Burkina Faso,2010
5+ Years,0.202738882,BFIR62FL.DTA,Burkina Faso,2010
Under a Year,0.258133287,BFIR62FL.DTA,Burkina Faso,2010
1 Year,0.148770624,BUIR70FL.DTA,Burundi,2016
2 Year,0.138564414,BUIR70FL.DTA,Burundi,2016
3 Year,0.11939004,BUIR70FL.DTA,Burundi,2016
4 Year,0.079702767,BUIR70FL.DTA,Burundi,2016
5+ Years,0.293583991,BUIR70FL.DTA,Burundi,2016
Under a Year,0.219988164,BUIR70FL.DTA,Burundi,2016
1 Year,0.089755278,KHIR73FL.DTA,Cambodia,2014
2 Year,0.091700156,KHIR73FL.DTA,Cambodia,2014
3 Year,0.092710712,KHIR73FL.DTA,Cambodia,2014
4 Year,0.071138442,KHIR73FL.DTA,Cambodia,2014
5+ Years,0.373259018,KHIR73FL.DTA,Cambodia,2014
Under a Year,0.281436393,KHIR73FL.DTA,Cambodia,2014
1 Year,0.065685437,KMIR61FL.DTA,Comoros,2012
2 Year,0.103582365,KMIR61FL.DTA,Comoros,2012
3 Year,0.070161887,KMIR61FL.DTA,Comoros,2012
4 Year,0.05457485,KMIR61FL.DTA,Comoros,2012
5+ Years,0.536832348,KMIR61FL.DTA,Comoros,2012
Under a Year,0.169163114,KMIR61FL.DTA,Comoros,2012
1 Year,0.084635495,EGIR61FL.DTA,Egypt,2014
2 Year,0.092461115,EGIR61FL.DTA,Egypt,2014
3 Year,0.079849732,EGIR61FL.DTA,Egypt,2014
4 Year,0.061712207,EGIR61FL.DTA,Egypt,2014
5+ Years,0.238950869,EGIR61FL.DTA,Egypt,2014
Under a Year,0.442390581,EGIR61FL.DTA,Egypt,2014
1 Year,0.115430801,ETIR70FL.DTA,Ethiopia,2016
2 Year,0.154315663,ETIR70FL.DTA,Ethiopia,2016
3 Year,0.102368496,ETIR70FL.DTA,Ethiopia,2016
4 Year,0.072566374,ETIR70FL.DTA,Ethiopia,2016
5+ Years,0.209905645,ETIR70FL.DTA,Ethiopia,2016
Under a Year,0.345413022,ETIR70FL.DTA,Ethiopia,2016
1 Year,0.096262769,GMIR81FL.DTA,Gambia,2019
2 Year,0.102481466,GMIR81FL.DTA,Gambia,2019
3 Year,0.101318929,GMIR81FL.DTA,Gambia,2019
4 Year,0.08036555,GMIR81FL.DTA,Gambia,2019
5+ Years,0.469262935,GMIR81FL.DTA,Gambia,2019
Under a Year,0.150308351,GMIR81FL.DTA,Gambia,2019
1 Year,0.070704939,GMIR60FL.DTA,Gambia,2013
2 Year,0.066725569,GMIR60FL.DTA,Gambia,2013
3 Year,0.07242965,GMIR60FL.DTA,Gambia,2013
4 Year,0.035383621,GMIR60FL.DTA,Gambia,2013
5+ Years,0.622922364,GMIR60FL.DTA,Gambia,2013
Under a Year,0.131833856,GMIR60FL.DTA,Gambia,2013
1 Year,0.061963718,GHIR72FL.DTA,Ghana,2014
2 Year,0.07448682,GHIR72FL.DTA,Ghana,2014
3 Year,0.091056138,GHIR72FL.DTA,Ghana,2014
4 Year,0.072472602,GHIR72FL.DTA,Ghana,2014
5+ Years,0.523992575,GHIR72FL.DTA,Ghana,2014
Under a Year,0.176028147,GHIR72FL.DTA,Ghana,2014
1 Year,0.10438035,GUIR71FL.DTA,Guatemala,2014
2 Year,0.08663052,GUIR71FL.DTA,Guatemala,2014
3 Year,0.098488179,GUIR71FL.DTA,Guatemala,2014
4 Year,0.092860863,GUIR71FL.DTA,Guatemala,2014
5+ Years,0.28531239,GUIR71FL.DTA,Guatemala,2014
Under a Year,0.332327698,GUIR71FL.DTA,Guatemala,2014
1 Year,0.118665102,GNIR71FL.DTA,Guinea,2018
2 Year,0.117719855,GNIR71FL.DTA,Guinea,2018
3 Year,0.090889112,GNIR71FL.DTA,Guinea,2018
4 Year,0.059747488,GNIR71FL.DTA,Guinea,2018
5+ Years,0.326739937,GNIR71FL.DTA,Guinea,2018
Under a Year,0.286238505,GNIR71FL.DTA,Guinea,2018
1 Year,0.097801675,HNIR62FL.DTA,Honduras,2011
2 Year,0.098671761,HNIR62FL.DTA,Honduras,2011
3 Year,0.107959471,HNIR62FL.DTA,Honduras,2011
4 Year,0.097783227,HNIR62FL.DTA,Honduras,2011
5+ Years,0.263187489,HNIR62FL.DTA,Honduras,2011
Under a Year,0.334596377,HNIR62FL.DTA,Honduras,2011
1 Year,0.065148748,IAIR7DFL.DTA,India,2019
2 Year,0.060588338,IAIR7DFL.DTA,India,2019
3 Year,0.063516795,IAIR7DFL.DTA,India,2019
4 Year,0.057499221,IAIR7DFL.DTA,India,2019
5+ Years,0.500906963,IAIR7DFL.DTA,India,2019
Under a Year,0.252339935,IAIR7DFL.DTA,India,2019
1 Year,0.056668052,IAIR73FL.DTA,India,2015
2 Year,0.058342382,IAIR73FL.DTA,India,2015
3 Year,0.053446037,IAIR73FL.DTA,India,2015
4 Year,0.043187903,IAIR73FL.DTA,India,2015
5+ Years,0.377256562,IAIR73FL.DTA,India,2015
Under a Year,0.166735622,IAIR73FL.DTA,India,2015
"yes, used in calendar",0.244363442,IAIR73FL.DTA,India,2015
1 Year,0.062179496,IDIR71FL.DTA,Indonesia,2017
2 Year,0.051359314,IDIR71FL.DTA,Indonesia,2017
3 Year,0.035079367,IDIR71FL.DTA,Indonesia,2017
4 Year,0.0328482,IDIR71FL.DTA,Indonesia,2017
5+ Years,0.373454735,IDIR71FL.DTA,Indonesia,2017
Under a Year,0.445078888,IDIR71FL.DTA,Indonesia,2017
1 Year,0.058489628,IDIR63FL.DTA,Indonesia,2012
2 Year,0.054159421,IDIR63FL.DTA,Indonesia,2012
3 Year,0.042376663,IDIR63FL.DTA,Indonesia,2012
4 Year,0.03648733,IDIR63FL.DTA,Indonesia,2012
5+ Years,0.383180941,IDIR63FL.DTA,Indonesia,2012
Under a Year,0.425306018,IDIR63FL.DTA,Indonesia,2012
1 Year,0.07723741,JOIR72FL.DTA,Jordan,2017
2 Year,0.060656746,JOIR72FL.DTA,Jordan,2017
3 Year,0.062267348,JOIR72FL.DTA,Jordan,2017
4 Year,0.048619473,JOIR72FL.DTA,Jordan,2017
5+ Years,0.357960649,JOIR72FL.DTA,Jordan,2017
Under a Year,0.393258374,JOIR72FL.DTA,Jordan,2017
1 Year,0.109641485,JOIR6CFL.DTA,Jordan,2012
2 Year,0.076455463,JOIR6CFL.DTA,Jordan,2012
3 Year,0.07330562,JOIR6CFL.DTA,Jordan,2012
4 Year,0.072346636,JOIR6CFL.DTA,Jordan,2012
5+ Years,0.273503501,JOIR6CFL.DTA,Jordan,2012
Under a Year,0.394747295,JOIR6CFL.DTA,Jordan,2012
1 Year,0.042549457,KEIR72FL.DTA,Kenya,2014
2 Year,0.039325262,KEIR72FL.DTA,Kenya,2014
3 Year,0.038678784,KEIR72FL.DTA,Kenya,2014
4 Year,0.040767802,KEIR72FL.DTA,Kenya,2014
5+ Years,0.671944139,KEIR72FL.DTA,Kenya,2014
Under a Year,0.166734557,KEIR72FL.DTA,Kenya,2014
1 Year,0.08699879,LSIR71FL.DTA,Lesotho,2014
2 Year,0.06974846,LSIR71FL.DTA,Lesotho,2014
3 Year,0.085170188,LSIR71FL.DTA,Lesotho,2014
4 Year,0.082348123,LSIR71FL.DTA,Lesotho,2014
5+ Years,0.274174527,LSIR71FL.DTA,Lesotho,2014
Under a Year,0.401559913,LSIR71FL.DTA,Lesotho,2014
1 Year,0.103327689,LBIR7AFL.DTA,Liberia,2019
2 Year,0.10134167,LBIR7AFL.DTA,Liberia,2019
3 Year,0.093328222,LBIR7AFL.DTA,Liberia,2019
4 Year,0.074527356,LBIR7AFL.DTA,Liberia,2019
5+ Years,0.377588094,LBIR7AFL.DTA,Liberia,2019
Under a Year,0.249886969,LBIR7AFL.DTA,Liberia,2019
1 Year,0.085435991,LBIR6AFL.DTA,Liberia,2013
2 Year,0.093712279,LBIR6AFL.DTA,Liberia,2013
3 Year,0.111193636,LBIR6AFL.DTA,Liberia,2013
4 Year,0.119435278,LBIR6AFL.DTA,Liberia,2013
5+ Years,0.423791529,LBIR6AFL.DTA,Liberia,2013
Under a Year,0.166431288,LBIR6AFL.DTA,Liberia,2013
1 Year,0.122739555,MDIR81FL.DTA,Madagascar,2021
2 Year,0.116034027,MDIR81FL.DTA,Madagascar,2021
3 Year,0.082577516,MDIR81FL.DTA,Madagascar,2021
4 Year,0.056188768,MDIR81FL.DTA,Madagascar,2021
5+ Years,0.256848854,MDIR81FL.DTA,Madagascar,2021
Under a Year,0.365611279,MDIR81FL.DTA,Madagascar,2021
1 Year,0.108551702,MWIR7AFL.DTA,Malawi,2015
2 Year,0.123090215,MWIR7AFL.DTA,Malawi,2015
3 Year,0.10894946,MWIR7AFL.DTA,Malawi,2015
4 Year,0.083129844,MWIR7AFL.DTA,Malawi,2015
5+ Years,0.314384742,MWIR7AFL.DTA,Malawi,2015
Under a Year,0.261894038,MWIR7AFL.DTA,Malawi,2015
1 Year,0.04774335,MVIR71FL.DTA,Maldives,2016
2 Year,0.038977215,MVIR71FL.DTA,Maldives,2016
3 Year,0.034932131,MVIR71FL.DTA,Maldives,2016
4 Year,0.044579736,MVIR71FL.DTA,Maldives,2016
5+ Years,0.67313029,MVIR71FL.DTA,Maldives,2016
Under a Year,0.160637278,MVIR71FL.DTA,Maldives,2016
1 Year,0.112156857,MLIR7HFL.DTA,Mali,2018
2 Year,0.116657219,MLIR7HFL.DTA,Mali,2018
3 Year,0.115488969,MLIR7HFL.DTA,Mali,2018
4 Year,0.063213695,MLIR7HFL.DTA,Mali,2018
5+ Years,0.376685633,MLIR7HFL.DTA,Mali,2018
Under a Year,0.215797628,MLIR7HFL.DTA,Mali,2018
1 Year,0.090743495,MLIR6AFL.DTA,Mali,2012
2 Year,0.097744186,MLIR6AFL.DTA,Mali,2012
3 Year,0.102215539,MLIR6AFL.DTA,Mali,2012
4 Year,0.06196614,MLIR6AFL.DTA,Mali,2012
5+ Years,0.513225584,MLIR6AFL.DTA,Mali,2012
Under a Year,0.134105057,MLIR6AFL.DTA,Mali,2012
1 Year,0.092065958,MRIR71FL.DTA,Mauritania,2019
2 Year,0.09910244,MRIR71FL.DTA,Mauritania,2019
3 Year,0.121741063,MRIR71FL.DTA,Mauritania,2019
4 Year,0.101094438,MRIR71FL.DTA,Mauritania,2019
5+ Years,0.411027204,MRIR71FL.DTA,Mauritania,2019
Under a Year,0.174968897,MRIR71FL.DTA,Mauritania,2019
1 Year,0.066401316,MZIR62FL.DTA,Mozambique,2011
2 Year,0.093391531,MZIR62FL.DTA,Mozambique,2011
3 Year,0.072391987,MZIR62FL.DTA,Mozambique,2011
4 Year,0.058540506,MZIR62FL.DTA,Mozambique,2011
5+ Years,0.569875933,MZIR62FL.DTA,Mozambique,2011
Under a Year,0.139398727,MZIR62FL.DTA,Mozambique,2011
1 Year,0.115029871,NPIR7HFL.DTA,Nepal,2016
2 Year,0.108956382,NPIR7HFL.DTA,Nepal,2016
3 Year,0.119292617,NPIR7HFL.DTA,Nepal,2016
4 Year,0.107070259,NPIR7HFL.DTA,Nepal,2016
5+ Years,0.263763787,NPIR7HFL.DTA,Nepal,2016
Under a Year,0.285887084,NPIR7HFL.DTA,Nepal,2016
1 Year,0.165577185,NIIR61FL.DTA,Niger,2012
2 Year,0.157779578,NIIR61FL.DTA,Niger,2012
3 Year,0.128201086,NIIR61FL.DTA,Niger,2012
4 Year,0.096799283,NIIR61FL.DTA,Niger,2012
5+ Years,0.224964792,NIIR61FL.DTA,Niger,2012
Under a Year,0.226678075,NIIR61FL.DTA,Niger,2012
1 Year,0.086889698,NGIR7AFL.DTA,Nigeria,2018
2 Year,0.084993308,NGIR7AFL.DTA,Nigeria,2018
3 Year,0.07595605,NGIR7AFL.DTA,Nigeria,2018
4 Year,0.070048182,NGIR7AFL.DTA,Nigeria,2018
5+ Years,0.527700517,NGIR7AFL.DTA,Nigeria,2018
Under a Year,0.154412245,NGIR7AFL.DTA,Nigeria,2018
1 Year,0.115524042,NGIR6AFL.DTA,Nigeria,2013
2 Year,0.09944695,NGIR6AFL.DTA,Nigeria,2013
3 Year,0.085850932,NGIR6AFL.DTA,Nigeria,2013
4 Year,0.082137677,NGIR6AFL.DTA,Nigeria,2013
5+ Years,0.360723043,NGIR6AFL.DTA,Nigeria,2013
Under a Year,0.256317356,NGIR6AFL.DTA,Nigeria,2013
1 Year,0.109634005,PKIR71FL.DTA,Pakistan,2017
2 Year,0.11357986,PKIR71FL.DTA,Pakistan,2017
3 Year,0.111278101,PKIR71FL.DTA,Pakistan,2017
4 Year,0.111240219,PKIR71FL.DTA,Pakistan,2017
5+ Years,0.303624919,PKIR71FL.DTA,Pakistan,2017
Under a Year,0.250642896,PKIR71FL.DTA,Pakistan,2017
1 Year,0.102859051,RWIR81FL.DTA,Rwanda,2019
2 Year,0.077544961,RWIR81FL.DTA,Rwanda,2019
3 Year,0.078702811,RWIR81FL.DTA,Rwanda,2019
4 Year,0.067081629,RWIR81FL.DTA,Rwanda,2019
5+ Years,0.286035098,RWIR81FL.DTA,Rwanda,2019
Under a Year,0.387776451,RWIR81FL.DTA,Rwanda,2019
1 Year,0.145051393,RWIR70FL.DTA,Rwanda,2014
2 Year,0.149211684,RWIR70FL.DTA,Rwanda,2014
3 Year,0.130816153,RWIR70FL.DTA,Rwanda,2014
4 Year,0.080827653,RWIR70FL.DTA,Rwanda,2014
5+ Years,0.116973697,RWIR70FL.DTA,Rwanda,2014
Under a Year,0.37711942,RWIR70FL.DTA,Rwanda,2014
1 Year,0.12524908,SNIR8AFL.DTA,Senegal,2019
2 Year,0.11920433,SNIR8AFL.DTA,Senegal,2019
3 Year,0.113223768,SNIR8AFL.DTA,Senegal,2019
4 Year,0.067683707,SNIR8AFL.DTA,Senegal,2019
5+ Years,0.339720686,SNIR8AFL.DTA,Senegal,2019
Under a Year,0.234918429,SNIR8AFL.DTA,Senegal,2019
1 Year,0.112184224,SNIR80FL.DTA,Senegal,2018
2 Year,0.109899806,SNIR80FL.DTA,Senegal,2018
3 Year,0.102395642,SNIR80FL.DTA,Senegal,2018
4 Year,0.066731206,SNIR80FL.DTA,Senegal,2018
5+ Years,0.382715395,SNIR80FL.DTA,Senegal,2018
Under a Year,0.226073727,SNIR80FL.DTA,Senegal,2018
1 Year,0.112429681,SNIR7ZFL.DTA,Senegal,2017
2 Year,0.117621835,SNIR7ZFL.DTA,Senegal,2017
3 Year,0.119770588,SNIR7ZFL.DTA,Senegal,2017
4 Year,0.084484083,SNIR7ZFL.DTA,Senegal,2017
5+ Years,0.362415984,SNIR7ZFL.DTA,Senegal,2017
Under a Year,0.20327783,SNIR7ZFL.DTA,Senegal,2017
1 Year,0.115339478,SNIR7QFL.DTA,Senegal,2016
2 Year,0.121407257,SNIR7QFL.DTA,Senegal,2016
3 Year,0.117262547,SNIR7QFL.DTA,Senegal,2016
4 Year,0.084360161,SNIR7QFL.DTA,Senegal,2016
5+ Years,0.401487801,SNIR7QFL.DTA,Senegal,2016
Under a Year,0.160142756,SNIR7QFL.DTA,Senegal,2016
1 Year,0.128445643,SNIR7HFL.DTA,Senegal,2015
2 Year,0.100979263,SNIR7HFL.DTA,Senegal,2015
3 Year,0.147286019,SNIR7HFL.DTA,Senegal,2015
4 Year,0.081709919,SNIR7HFL.DTA,Senegal,2015
5+ Years,0.397862556,SNIR7HFL.DTA,Senegal,2015
Under a Year,0.1437166,SNIR7HFL.DTA,Senegal,2015
1 Year,0.087244307,SNIR70FL.DTA,Senegal,2014
2 Year,0.107758232,SNIR70FL.DTA,Senegal,2014
3 Year,0.105353361,SNIR70FL.DTA,Senegal,2014
4 Year,0.080170778,SNIR70FL.DTA,Senegal,2014
5+ Years,0.481140141,SNIR70FL.DTA,Senegal,2014
Under a Year,0.13833318,SNIR70FL.DTA,Senegal,2014
1 Year,0.111978693,SNIR6DFL.DTA,Senegal,2012
2 Year,0.105536518,SNIR6DFL.DTA,Senegal,2012
3 Year,0.105960439,SNIR6DFL.DTA,Senegal,2012
4 Year,0.095225931,SNIR6DFL.DTA,Senegal,2012
5+ Years,0.402496653,SNIR6DFL.DTA,Senegal,2012
Under a Year,0.178801766,SNIR6DFL.DTA,Senegal,2012
1 Year,0.107508976,SNIR61FL.DTA,Senegal,2010
2 Year,0.096162294,SNIR61FL.DTA,Senegal,2010
3 Year,0.094250433,SNIR61FL.DTA,Senegal,2010
4 Year,0.109130466,SNIR61FL.DTA,Senegal,2010
5+ Years,0.437211825,SNIR61FL.DTA,Senegal,2010
Under a Year,0.155736006,SNIR61FL.DTA,Senegal,2010
1 Year,0.093404146,SLIR7AFL.DTA,Sierra Leone,2019
2 Year,0.096783317,SLIR7AFL.DTA,Sierra Leone,2019
3 Year,0.082695963,SLIR7AFL.DTA,Sierra Leone,2019
4 Year,0.047795017,SLIR7AFL.DTA,Sierra Leone,2019
5+ Years,0.439752567,SLIR7AFL.DTA,Sierra Leone,2019
Under a Year,0.239568989,SLIR7AFL.DTA,Sierra Leone,2019
1 Year,0.100307163,SLIR61FL.DTA,Sierra Leone,2013
2 Year,0.130788947,SLIR61FL.DTA,Sierra Leone,2013
3 Year,0.103569699,SLIR61FL.DTA,Sierra Leone,2013
4 Year,0.103759184,SLIR61FL.DTA,Sierra Leone,2013
5+ Years,0.380648413,SLIR61FL.DTA,Sierra Leone,2013
Under a Year,0.180926594,SLIR61FL.DTA,Sierra Leone,2013
1 Year,0.065496114,ZAIR71FL.DTA,South Africa,2016
2 Year,0.059422021,ZAIR71FL.DTA,South Africa,2016
3 Year,0.043023712,ZAIR71FL.DTA,South Africa,2016
4 Year,0.049370034,ZAIR71FL.DTA,South Africa,2016
5+ Years,0.429977532,ZAIR71FL.DTA,South Africa,2016
Under a Year,0.277144597,ZAIR71FL.DTA,South Africa,2016
"yes, used in calendar",0.075565989,ZAIR71FL.DTA,South Africa,2016
1 Year,0.079768235,TJIR71FL.DTA,Tajikistan,2017
2 Year,0.089463669,TJIR71FL.DTA,Tajikistan,2017
3 Year,0.078086355,TJIR71FL.DTA,Tajikistan,2017
4 Year,0.058856505,TJIR71FL.DTA,Tajikistan,2017
5+ Years,0.490646952,TJIR71FL.DTA,Tajikistan,2017
Under a Year,0.203178285,TJIR71FL.DTA,Tajikistan,2017
1 Year,0.10452235,TZIR7BFL.DTA,Tanzania,2015
2 Year,0.107121328,TZIR7BFL.DTA,Tanzania,2015
3 Year,0.108824365,TZIR7BFL.DTA,Tanzania,2015
4 Year,0.083350207,TZIR7BFL.DTA,Tanzania,2015
5+ Years,0.298406241,TZIR7BFL.DTA,Tanzania,2015
Under a Year,0.297775509,TZIR7BFL.DTA,Tanzania,2015
1 Year,0.134228669,TLIR71FL.DTA,Timor-Leste,2016
2 Year,0.112252002,TLIR71FL.DTA,Timor-Leste,2016
3 Year,0.113783102,TLIR71FL.DTA,Timor-Leste,2016
4 Year,0.055756459,TLIR71FL.DTA,Timor-Leste,2016
5+ Years,0.347212589,TLIR71FL.DTA,Timor-Leste,2016
Under a Year,0.23676718,TLIR71FL.DTA,Timor-Leste,2016
1 Year,0.10744057,UGIR7BFL.DTA,Uganda,2016
2 Year,0.11881838,UGIR7BFL.DTA,Uganda,2016
3 Year,0.119906755,UGIR7BFL.DTA,Uganda,2016
4 Year,0.102838525,UGIR7BFL.DTA,Uganda,2016
5+ Years,0.327341687,UGIR7BFL.DTA,Uganda,2016
Under a Year,0.223654083,UGIR7BFL.DTA,Uganda,2016
1 Year,0.119325317,ZMIR71FL.DTA,Zambia,2018
2 Year,0.101391525,ZMIR71FL.DTA,Zambia,2018
3 Year,0.089330249,ZMIR71FL.DTA,Zambia,2018
4 Year,0.073351791,ZMIR71FL.DTA,Zambia,2018
5+ Years,0.307721092,ZMIR71FL.DTA,Zambia,2018
Under a Year,0.308880026,ZMIR71FL.DTA,Zambia,2018
1 Year,0.110636292,ZMIR61FL.DTA,Zambia,2013
2 Year,0.122434528,ZMIR61FL.DTA,Zambia,2013
3 Year,0.101837936,ZMIR61FL.DTA,Zambia,2013
4 Year,0.108034258,ZMIR61FL.DTA,Zambia,2013
5+ Years,0.301514239,ZMIR61FL.DTA,Zambia,2013
Under a Year,0.255542747,ZMIR61FL.DTA,Zambia,2013
1 Year,0.100204309,ZWIR71FL.DTA,Zimbabwe,2015
2 Year,0.079255001,ZWIR71FL.DTA,Zimbabwe,2015
3 Year,0.077313481,ZWIR71FL.DTA,Zimbabwe,2015
4 Year,0.07134083,ZWIR71FL.DTA,Zimbabwe,2015
5+ Years,0.25306971,ZWIR71FL.DTA,Zimbabwe,2015
Under a Year,0.418816669,ZWIR71FL.DTA,Zimbabwe,2015
1 Year,,CMIR61FL.DTA,Cameroon,2011
2 Year,,CMIR61FL.DTA,Cameroon,2011
3 Year,,CMIR61FL.DTA,Cameroon,2011
4 Year,,CMIR61FL.DTA,Cameroon,2011
5+ Years,,CMIR61FL.DTA,Cameroon,2011
Under a Year,,CMIR61FL.DTA,Cameroon,2011
1 Year,,TDIR71FL.DTA,Chad,2014
2 Year,,TDIR71FL.DTA,Chad,2014
3 Year,,TDIR71FL.DTA,Chad,2014
4 Year,,TDIR71FL.DTA,Chad,2014
5+ Years,,TDIR71FL.DTA,Chad,2014
Under a Year,,TDIR71FL.DTA,Chad,2014
1 Year,,CGIR60FL.DTA,Congo,2011
2 Year,,CGIR60FL.DTA,Congo,2011
3 Year,,CGIR60FL.DTA,Congo,2011
4 Year,,CGIR60FL.DTA,Congo,2011
5+ Years,,CGIR60FL.DTA,Congo,2011
Under a Year,,CGIR60FL.DTA,Congo,2011
1 Year,,DRIR61FL.DTA,Dominican Republic,2013
2 Year,,DRIR61FL.DTA,Dominican Republic,2013
3 Year,,DRIR61FL.DTA,Dominican Republic,2013
4 Year,,DRIR61FL.DTA,Dominican Republic,2013
5+ Years,,DRIR61FL.DTA,Dominican Republic,2013
Under a Year,,DRIR61FL.DTA,Dominican Republic,2013
1 Year,,GAIR60FL.DTA,Gabon,2012
2 Year,,GAIR60FL.DTA,Gabon,2012
3 Year,,GAIR60FL.DTA,Gabon,2012
4 Year,,GAIR60FL.DTA,Gabon,2012
5+ Years,,GAIR60FL.DTA,Gabon,2012
Under a Year,,GAIR60FL.DTA,Gabon,2012
1 Year,,KYIR61FL.DTA,Kyrgyz Republic,2012
2 Year,,KYIR61FL.DTA,Kyrgyz Republic,2012
3 Year,,KYIR61FL.DTA,Kyrgyz Republic,2012
4 Year,,KYIR61FL.DTA,Kyrgyz Republic,2012
5+ Years,,KYIR61FL.DTA,Kyrgyz Republic,2012
Under a Year,,KYIR61FL.DTA,Kyrgyz Republic,2012
1 Year,,PHIR61FL.DTA,Philippines,2013
2 Year,,PHIR61FL.DTA,Philippines,2013
3 Year,,PHIR61FL.DTA,Philippines,2013
4 Year,,PHIR61FL.DTA,Philippines,2013
5+ Years,,PHIR61FL.DTA,Philippines,2013
Under a Year,,PHIR61FL.DTA,Philippines,2013
1 Year,,TGIR61FL.DTA,Togo,2013
2 Year,,TGIR61FL.DTA,Togo,2013
3 Year,,TGIR61FL.DTA,Togo,2013
4 Year,,TGIR61FL.DTA,Togo,2013
5+ Years,,TGIR61FL.DTA,Togo,2013
Under a Year,,TGIR61FL.DTA,Togo,2013
1 Year,,TRIR61FL.DTA,Turkey,2013
2 Year,,TRIR61FL.DTA,Turkey,2013
3 Year,,TRIR61FL.DTA,Turkey,2013
4 Year,,TRIR61FL.DTA,Turkey,2013
5+ Years,,TRIR61FL.DTA,Turkey,2013
Under a Year,,TRIR61FL.DTA,Turkey,2013
1 Year,,CDIR61FL.DTA,Congo Democratic Republic,2013
2 Year,,CDIR61FL.DTA,Congo Democratic Republic,2013
3 Year,,CDIR61FL.DTA,Congo Democratic Republic,2013
4 Year,,CDIR61FL.DTA,Congo Democratic Republic,2013
5+ Years,,CDIR61FL.DTA,Congo Democratic Republic,2013
Under a Year,,CDIR61FL.DTA,Congo Democratic Republic,2013
1 Year,,CIIR62FL.DTA,Cote d'Ivoire,2011
2 Year,,CIIR62FL.DTA,Cote d'Ivoire,2011
3 Year,,CIIR62FL.DTA,Cote d'Ivoire,2011
4 Year,,CIIR62FL.DTA,Cote d'Ivoire,2011
5+ Years,,CIIR62FL.DTA,Cote d'Ivoire,2011
Under a Year,,CIIR62FL.DTA,Cote d'Ivoire,2011
