"Method","Freq","SurveyName","Country","StartYear"
"Pill",0.303513267988131,"AFIR70FL.DTA","Afghanistan",2015
"IUD",0.0633242781405742,"AFIR70FL.DTA","Afghanistan",2015
"Injections",0.217986193194471,"AFIR70FL.DTA","Afghanistan",2015
"Male Condom",0.147298156185918,"AFIR70FL.DTA","Afghanistan",2015
"Female Sterilization",0.0827539269071076,"AFIR70FL.DTA","Afghanistan",2015
"Male Sterilization",0.00146592278294745,"AFIR70FL.DTA","Afghanistan",2015
"Periodic Abstinence",0.00212208635883902,"AFIR70FL.DTA","Afghanistan",2015
"Withdrawal",0.114420023695987,"AFIR70FL.DTA","Afghanistan",2015
"Other Traditional Method",0.00288664966279918,"AFIR70FL.DTA","Afghanistan",2015
"Implant",0.00719025993186419,"AFIR70FL.DTA","Afghanistan",2015
"Lactational Amenorrhea",0.0565225853800441,"AFIR70FL.DTA","Afghanistan",2015
"Other Modern Method",0.000516649771316723,"AFIR70FL.DTA","Afghanistan",2015
"Pill",0.194445554497505,"AOIR71FL.DTA","Angola",2015
"IUD",0.00907120416371439,"AOIR71FL.DTA","Angola",2015
"Injections",0.236407760011243,"AOIR71FL.DTA","Angola",2015
"Male Condom",0.435428670534551,"AOIR71FL.DTA","Angola",2015
"Female Sterilization",0.00222482257558255,"AOIR71FL.DTA","Angola",2015
"Male Sterilization",0.000217171594652054,"AOIR71FL.DTA","Angola",2015
"Periodic Abstinence",0.0267583660845201,"AOIR71FL.DTA","Angola",2015
"Withdrawal",0.0298963035197568,"AOIR71FL.DTA","Angola",2015
"Other Traditional Method",0.00675191842119498,"AOIR71FL.DTA","Angola",2015
"Implant",0.0389172885451327,"AOIR71FL.DTA","Angola",2015
"Lactational Amenorrhea",0.00264200855209123,"AOIR71FL.DTA","Angola",2015
"Female Condom",0.00441032177043926,"AOIR71FL.DTA","Angola",2015
"Emergency Contraception",0.00444055368335857,"AOIR71FL.DTA","Angola",2015
"Other Modern Method",0.0079127220888069,"AOIR71FL.DTA","Angola",2015
"Standard Days Method",0.000475333957452836,"AOIR71FL.DTA","Angola",2015
"Pill",0.0465945278771743,"AMIR71FL.DTA","Armenia",2015
"IUD",0.155477208647649,"AMIR71FL.DTA","Armenia",2015
"Injections",0.00305871676986261,"AMIR71FL.DTA","Armenia",2015
"Male Condom",0.260798359179395,"AMIR71FL.DTA","Armenia",2015
"Female Sterilization",0.0129879062836843,"AMIR71FL.DTA","Armenia",2015
"Periodic Abstinence",0.066778717470945,"AMIR71FL.DTA","Armenia",2015
"Withdrawal",0.433268721996745,"AMIR71FL.DTA","Armenia",2015
"Other Traditional Method",0.00602838612121714,"AMIR71FL.DTA","Armenia",2015
"Lactational Amenorrhea",0.0127113953033058,"AMIR71FL.DTA","Armenia",2015
"Other Modern Method",0.00229606035002121,"AMIR71FL.DTA","Armenia",2015
"Pill",0.0275303349815244,"AMIR61FL.DTA","Armenia",2010
"IUD",0.174678100409502,"AMIR61FL.DTA","Armenia",2010
"Male Condom",0.267999465719896,"AMIR61FL.DTA","Armenia",2010
"Female Sterilization",0.0058125437155566,"AMIR61FL.DTA","Armenia",2010
"Periodic Abstinence",0.0438670539620861,"AMIR61FL.DTA","Armenia",2010
"Withdrawal",0.44223020409215,"AMIR61FL.DTA","Armenia",2010
"Other",0.0138551040201812,"AMIR61FL.DTA","Armenia",2010
"Lactational Amenorrhea",0.0143031554363179,"AMIR61FL.DTA","Armenia",2010
"Foam Or Jelly",0.00216917279586725,"AMIR61FL.DTA","Armenia",2010
"Standard Days Method",0.00755486486691828,"AMIR61FL.DTA","Armenia",2010
"Pill",0.409986134030849,"BDIR7RFL.DTA","Bangladesh",2017
"IUD",0.00891363919724172,"BDIR7RFL.DTA","Bangladesh",2017
"Injections",0.173793812771242,"BDIR7RFL.DTA","Bangladesh",2017
"Male Condom",0.116052193718129,"BDIR7RFL.DTA","Bangladesh",2017
"Female Sterilization",0.0782091593448083,"BDIR7RFL.DTA","Bangladesh",2017
"Male Sterilization",0.0170894074585404,"BDIR7RFL.DTA","Bangladesh",2017
"Periodic Abstinence",0.11236856268364,"BDIR7RFL.DTA","Bangladesh",2017
"Withdrawal",0.0447460247413935,"BDIR7RFL.DTA","Bangladesh",2017
"Other Traditional Method",0.00376938879721209,"BDIR7RFL.DTA","Bangladesh",2017
"Implant",0.0344870606520763,"BDIR7RFL.DTA","Bangladesh",2017
"Lactational Amenorrhea",0.000230943481139028,"BDIR7RFL.DTA","Bangladesh",2017
"Emergency Contraception",0.000186902207894128,"BDIR7RFL.DTA","Bangladesh",2017
"Other Modern Method",0.000166770915833959,"BDIR7RFL.DTA","Bangladesh",2017
"Pill",0.432106352637219,"BDIR72FL.DTA","Bangladesh",2014
"IUD",0.0101279631542188,"BDIR72FL.DTA","Bangladesh",2014
"Injections",0.198898228616684,"BDIR72FL.DTA","Bangladesh",2014
"Male Condom",0.103192351361634,"BDIR72FL.DTA","Bangladesh",2014
"Female Sterilization",0.0736368880660656,"BDIR72FL.DTA","Bangladesh",2014
"Male Sterilization",0.0199868807956895,"BDIR72FL.DTA","Bangladesh",2014
"Periodic Abstinence",0.0997081244786838,"BDIR72FL.DTA","Bangladesh",2014
"Withdrawal",0.0304658373258103,"BDIR72FL.DTA","Bangladesh",2014
"Other",0.00421147537586892,"BDIR72FL.DTA","Bangladesh",2014
"Implant",0.027405076557903,"BDIR72FL.DTA","Bangladesh",2014
"Lactational Amenorrhea",0.000260821630223541,"BDIR72FL.DTA","Bangladesh",2014
"Pill",0.444994690639058,"BDIR61FL.DTA","Bangladesh",2011
"IUD",0.0119677761125097,"BDIR61FL.DTA","Bangladesh",2011
"Injections",0.182975520098512,"BDIR61FL.DTA","Bangladesh",2011
"Male Condom",0.0904334079164685,"BDIR61FL.DTA","Bangladesh",2011
"Female Sterilization",0.0810551230091901,"BDIR61FL.DTA","Bangladesh",2011
"Male Sterilization",0.0203561224407002,"BDIR61FL.DTA","Bangladesh",2011
"Periodic Abstinence",0.113105044596397,"BDIR61FL.DTA","Bangladesh",2011
"Withdrawal",0.0303506707755519,"BDIR61FL.DTA","Bangladesh",2011
"Other",0.00620897380954238,"BDIR61FL.DTA","Bangladesh",2011
"Implant",0.0185526706020693,"BDIR61FL.DTA","Bangladesh",2011
"Pill",0.0839992358773858,"BJIR71FL.DTA","Benin",2017
"IUD",0.0883274172296838,"BJIR71FL.DTA","Benin",2017
"Injections",0.131826229207563,"BJIR71FL.DTA","Benin",2017
"Male Condom",0.146329869606123,"BJIR71FL.DTA","Benin",2017
"Female Sterilization",0.00882545702593132,"BJIR71FL.DTA","Benin",2017
"Periodic Abstinence",0.104138233293054,"BJIR71FL.DTA","Benin",2017
"Withdrawal",0.0720090433393113,"BJIR71FL.DTA","Benin",2017
"Other Traditional Method",0.0140225495694146,"BJIR71FL.DTA","Benin",2017
"Implant",0.314555699232237,"BJIR71FL.DTA","Benin",2017
"Lactational Amenorrhea",0.00761503749176788,"BJIR71FL.DTA","Benin",2017
"Emergency Contraception",0.00528992261995512,"BJIR71FL.DTA","Benin",2017
"Other Modern Method",0.0010511318540849,"BJIR71FL.DTA","Benin",2017
"Standard Days Method",0.0220101736534882,"BJIR71FL.DTA","Benin",2017
"Pill",0.0933100438228005,"BJIR61FL.DTA","Benin",2011
"IUD",0.0295705451617066,"BJIR61FL.DTA","Benin",2011
"Injections",0.121146402450379,"BJIR61FL.DTA","Benin",2011
"Male Condom",0.230672847336891,"BJIR61FL.DTA","Benin",2011
"Female Sterilization",0.00829732897839817,"BJIR61FL.DTA","Benin",2011
"Periodic Abstinence",0.218694221861232,"BJIR61FL.DTA","Benin",2011
"Withdrawal",0.0497402120035406,"BJIR61FL.DTA","Benin",2011
"Other",0.0921032214855772,"BJIR61FL.DTA","Benin",2011
"Implant",0.055863246697791,"BJIR61FL.DTA","Benin",2011
"Lactational Amenorrhea",0.0254742546839925,"BJIR61FL.DTA","Benin",2011
"Female Condom",0.00354656543628161,"BJIR61FL.DTA","Benin",2011
"Foam Or Jelly",0.000446177011428047,"BJIR61FL.DTA","Benin",2011
"Other Modern Method",0.0711349330699813,"BJIR61FL.DTA","Benin",2011
"Pill",0.18017943968653,"BFIR62FL.DTA","Burkina Faso",2010
"IUD",0.0149771350476464,"BFIR62FL.DTA","Burkina Faso",2010
"Injections",0.331936392711648,"BFIR62FL.DTA","Burkina Faso",2010
"Male Condom",0.199926127718017,"BFIR62FL.DTA","Burkina Faso",2010
"Female Sterilization",0.00967968023329793,"BFIR62FL.DTA","Burkina Faso",2010
"Periodic Abstinence",0.0582703601650413,"BFIR62FL.DTA","Burkina Faso",2010
"Withdrawal",0.00377437638204827,"BFIR62FL.DTA","Burkina Faso",2010
"Other Traditional Method",0.00345304818034561,"BFIR62FL.DTA","Burkina Faso",2010
"Implant",0.187335879819711,"BFIR62FL.DTA","Burkina Faso",2010
"Lactational Amenorrhea",0.00424685301131759,"BFIR62FL.DTA","Burkina Faso",2010
"Female Condom",0.00226070963183601,"BFIR62FL.DTA","Burkina Faso",2010
"Foam Or Jelly",0.00120048893037305,"BFIR62FL.DTA","Burkina Faso",2010
"Other Modern Method",0.00152581322841395,"BFIR62FL.DTA","Burkina Faso",2010
"Standard Days Method",0.00123369525377414,"BFIR62FL.DTA","Burkina Faso",2010
"Pill",0.0586306232488245,"BUIR70FL.DTA","Burundi",2016
"IUD",0.0326918252060297,"BUIR70FL.DTA","Burundi",2016
"Injections",0.397992518782682,"BUIR70FL.DTA","Burundi",2016
"Male Condom",0.0652516713770426,"BUIR70FL.DTA","Burundi",2016
"Female Sterilization",0.0175309887003422,"BUIR70FL.DTA","Burundi",2016
"Male Sterilization",0.0042022369620755,"BUIR70FL.DTA","Burundi",2016
"Periodic Abstinence",0.0747861667632491,"BUIR70FL.DTA","Burundi",2016
"Withdrawal",0.10316930974368,"BUIR70FL.DTA","Burundi",2016
"Other Traditional Method",0.00722417612189609,"BUIR70FL.DTA","Burundi",2016
"Implant",0.213885517644165,"BUIR70FL.DTA","Burundi",2016
"Lactational Amenorrhea",0.0058487794958878,"BUIR70FL.DTA","Burundi",2016
"Female Condom",0.00092643566109208,"BUIR70FL.DTA","Burundi",2016
"Emergency Contraception",0.00313508666202123,"BUIR70FL.DTA","Burundi",2016
"Standard Days Method",0.0147246636310119,"BUIR70FL.DTA","Burundi",2016
"Pill",0.107938771063295,"BUIR61FL.DTA","Burundi",2010
"IUD",0.124130304192221,"BUIR61FL.DTA","Burundi",2010
"Injections",0.472235713927235,"BUIR61FL.DTA","Burundi",2010
"Male Condom",0.0588432674160212,"BUIR61FL.DTA","Burundi",2010
"Female Sterilization",0.0266130674360365,"BUIR61FL.DTA","Burundi",2010
"Periodic Abstinence",0.0806901051641348,"BUIR61FL.DTA","Burundi",2010
"Withdrawal",0.098484725614085,"BUIR61FL.DTA","Burundi",2010
"Implant",0.028089564704661,"BUIR61FL.DTA","Burundi",2010
"Lactational Amenorrhea",0.00102420469735024,"BUIR61FL.DTA","Burundi",2010
"Female Condom",0.000621483463714069,"BUIR61FL.DTA","Burundi",2010
"Foam Or Jelly",0.000478782527947609,"BUIR61FL.DTA","Burundi",2010
"Other Modern Method",0.000850009793298844,"BUIR61FL.DTA","Burundi",2010
"Pill",0.3097615858395,"KHIR73FL.DTA","Cambodia",2014
"IUD",0.0782124844152877,"KHIR73FL.DTA","Cambodia",2014
"Injections",0.161569811680896,"KHIR73FL.DTA","Cambodia",2014
"Male Condom",0.0392029396538621,"KHIR73FL.DTA","Cambodia",2014
"Female Sterilization",0.057159253878087,"KHIR73FL.DTA","Cambodia",2014
"Male Sterilization",0.00152144676750361,"KHIR73FL.DTA","Cambodia",2014
"Periodic Abstinence",0.0527459351345007,"KHIR73FL.DTA","Cambodia",2014
"Withdrawal",0.255138839482804,"KHIR73FL.DTA","Cambodia",2014
"Other Traditional Method",0.00146770037298851,"KHIR73FL.DTA","Cambodia",2014
"Implant",0.0379292262126525,"KHIR73FL.DTA","Cambodia",2014
"Lactational Amenorrhea",0.00112489320562546,"KHIR73FL.DTA","Cambodia",2014
"Female Condom",0.0000385247825049576,"KHIR73FL.DTA","Cambodia",2014
"Other Modern Method",0.00104290387694533,"KHIR73FL.DTA","Cambodia",2014
"Chinese (Monthly) Pill",0.00308445469684272,"KHIR73FL.DTA","Cambodia",2014
"Pill",0.0667937139692357,"CMIR61FL.DTA","Cameroon",2011
"IUD",0.00697476929711403,"CMIR61FL.DTA","Cameroon",2011
"Injections",0.0981770092604824,"CMIR61FL.DTA","Cameroon",2011
"Male Condom",0.457067708208775,"CMIR61FL.DTA","Cameroon",2011
"Female Sterilization",0.0155570989984086,"CMIR61FL.DTA","Cameroon",2011
"Male Sterilization",0.0000867804260991751,"CMIR61FL.DTA","Cameroon",2011
"Periodic Abstinence",0.248274403825422,"CMIR61FL.DTA","Cameroon",2011
"Withdrawal",0.0528849489608143,"CMIR61FL.DTA","Cameroon",2011
"Other",0.0172717553510566,"CMIR61FL.DTA","Cameroon",2011
"Implant",0.0212581626061666,"CMIR61FL.DTA","Cameroon",2011
"Lactational Amenorrhea",0.0088226851347466,"CMIR61FL.DTA","Cameroon",2011
"Female Condom",0.00620076855102616,"CMIR61FL.DTA","Cameroon",2011
"Foam Or Jelly",0.000630195410652719,"CMIR61FL.DTA","Cameroon",2011
"Pill",0.0650905380017688,"TDIR71FL.DTA","Chad",2014
"IUD",0.00605815525646158,"TDIR71FL.DTA","Chad",2014
"Injections",0.333682832521488,"TDIR71FL.DTA","Chad",2014
"Male Condom",0.126477112440387,"TDIR71FL.DTA","Chad",2014
"Female Sterilization",0.0372213268137356,"TDIR71FL.DTA","Chad",2014
"Periodic Abstinence",0.078995017008377,"TDIR71FL.DTA","Chad",2014
"Withdrawal",0.0055600060657666,"TDIR71FL.DTA","Chad",2014
"Other",0.0108419417958252,"TDIR71FL.DTA","Chad",2014
"Implant",0.168110081208761,"TDIR71FL.DTA","Chad",2014
"Lactational Amenorrhea",0.164359567428219,"TDIR71FL.DTA","Chad",2014
"Other Modern Method",0.00360342145921095,"TDIR71FL.DTA","Chad",2014
"Pill",0.144342890868647,"KMIR61FL.DTA","Comoros",2012
"IUD",0.00279094221500871,"KMIR61FL.DTA","Comoros",2012
"Injections",0.274110130941268,"KMIR61FL.DTA","Comoros",2012
"Male Condom",0.140136397016271,"KMIR61FL.DTA","Comoros",2012
"Female Sterilization",0.0415403880940581,"KMIR61FL.DTA","Comoros",2012
"Periodic Abstinence",0.160954337795649,"KMIR61FL.DTA","Comoros",2012
"Withdrawal",0.113044156940903,"KMIR61FL.DTA","Comoros",2012
"Other",0.00466594022275635,"KMIR61FL.DTA","Comoros",2012
"Implant",0.0799512362571684,"KMIR61FL.DTA","Comoros",2012
"Lactational Amenorrhea",0.037184987804118,"KMIR61FL.DTA","Comoros",2012
"Female Condom",0.00127859184415299,"KMIR61FL.DTA","Comoros",2012
"Pill",0.0578017389008157,"CGIR60FL.DTA","Congo",2011
"IUD",0.000448436314917845,"CGIR60FL.DTA","Congo",2011
"Injections",0.0426506454147976,"CGIR60FL.DTA","Congo",2011
"Male Condom",0.348828287595972,"CGIR60FL.DTA","Congo",2011
"Female Sterilization",0.00209396786576486,"CGIR60FL.DTA","Congo",2011
"Periodic Abstinence",0.370657945135324,"CGIR60FL.DTA","Congo",2011
"Withdrawal",0.087617872438832,"CGIR60FL.DTA","Congo",2011
"Other",0.0390550554918074,"CGIR60FL.DTA","Congo",2011
"Implant",0.00213948990777525,"CGIR60FL.DTA","Congo",2011
"Female Condom",0.000906074716345376,"CGIR60FL.DTA","Congo",2011
"Foam Or Jelly",0.000495620719088223,"CGIR60FL.DTA","Congo",2011
"Other Modern Method",0.0473048654985601,"CGIR60FL.DTA","Congo",2011
"Pill",0.212309121282177,"DRIR61FL.DTA","Dominican Republic",2013
"IUD",0.0251617548692026,"DRIR61FL.DTA","Dominican Republic",2013
"Injections",0.0761110494418278,"DRIR61FL.DTA","Dominican Republic",2013
"Male Condom",0.0814694057365925,"DRIR61FL.DTA","Dominican Republic",2013
"Female Sterilization",0.541375281789074,"DRIR61FL.DTA","Dominican Republic",2013
"Male Sterilization",0.00227102987961932,"DRIR61FL.DTA","Dominican Republic",2013
"Periodic Abstinence",0.0174198397579337,"DRIR61FL.DTA","Dominican Republic",2013
"Withdrawal",0.0253853971957037,"DRIR61FL.DTA","Dominican Republic",2013
"Other",0.00264553308592455,"DRIR61FL.DTA","Dominican Republic",2013
"Implant",0.00616193731420233,"DRIR61FL.DTA","Dominican Republic",2013
"Lactational Amenorrhea",0.00361898074619874,"DRIR61FL.DTA","Dominican Republic",2013
"Other Modern Method",0.00607066890154388,"DRIR61FL.DTA","Dominican Republic",2013
"Pill",0.273734619889927,"EGIR61FL.DTA","Egypt",2014
"IUD",0.514127931274809,"EGIR61FL.DTA","Egypt",2014
"Diaphragm/Foam/Jelly",0.00142723379457268,"EGIR61FL.DTA","Egypt",2014
"Male Condom",0.00797465204887946,"EGIR61FL.DTA","Egypt",2014
"Female Sterilization",0.0207262686907542,"EGIR61FL.DTA","Egypt",2014
"Periodic Abstinence",0.00553142348578897,"EGIR61FL.DTA","Egypt",2014
"Withdrawal",0.00470310568492179,"EGIR61FL.DTA","Egypt",2014
"Other",0.0000338168255230717,"EGIR61FL.DTA","Egypt",2014
"Implant",0.0092951489928647,"EGIR61FL.DTA","Egypt",2014
"Injections",0.120491258924188,"EGIR61FL.DTA","Egypt",2014
"Injection 1 Months",0.0242010510726637,"EGIR61FL.DTA","Egypt",2014
"Prolonged Breastfeeding",0.0177534893151083,"EGIR61FL.DTA","Egypt",2014
"Pill",0.0514803308535339,"ETIR70FL.DTA","Ethiopia",2016
"IUD",0.0568944574712828,"ETIR70FL.DTA","Ethiopia",2016
"Injections",0.622590594460432,"ETIR70FL.DTA","Ethiopia",2016
"Male Condom",0.00415348886493473,"ETIR70FL.DTA","Ethiopia",2016
"Female Sterilization",0.0113681268341578,"ETIR70FL.DTA","Ethiopia",2016
"Periodic Abstinence",0.0152997860395791,"ETIR70FL.DTA","Ethiopia",2016
"Withdrawal",0.00354130660116505,"ETIR70FL.DTA","Ethiopia",2016
"Implant",0.226813420653813,"ETIR70FL.DTA","Ethiopia",2016
"Lactational Amenorrhea",0.00378877179573079,"ETIR70FL.DTA","Ethiopia",2016
"Emergency Contraception",0.00243120716183798,"ETIR70FL.DTA","Ethiopia",2016
"Standard Days Method",0.00163850926353232,"ETIR70FL.DTA","Ethiopia",2016
"Pill",0.0756420504978869,"ETIR61FL.DTA","Ethiopia",2011
"IUD",0.0113867560868112,"ETIR61FL.DTA","Ethiopia",2011
"Injections",0.716480182209513,"ETIR61FL.DTA","Ethiopia",2011
"Male Condom",0.0148184940099059,"ETIR61FL.DTA","Ethiopia",2011
"Female Sterilization",0.0180473308183814,"ETIR61FL.DTA","Ethiopia",2011
"Periodic Abstinence",0.0332403782924302,"ETIR61FL.DTA","Ethiopia",2011
"Withdrawal",0.00971669597916864,"ETIR61FL.DTA","Ethiopia",2011
"Other",0.00207377116900115,"ETIR61FL.DTA","Ethiopia",2011
"Implant",0.117677147963143,"ETIR61FL.DTA","Ethiopia",2011
"Lactational Amenorrhea",0.000698867563196786,"ETIR61FL.DTA","Ethiopia",2011
"Female Condom",0.000164237393556331,"ETIR61FL.DTA","Ethiopia",2011
"Standard Days Method",0.0000540880170061813,"ETIR61FL.DTA","Ethiopia",2011
"Pill",0.115692070921437,"GAIR60FL.DTA","Gabon",2012
"IUD",0.00327002070390497,"GAIR60FL.DTA","Gabon",2012
"Injections",0.00656407034362573,"GAIR60FL.DTA","Gabon",2012
"Male Condom",0.54997725018037,"GAIR60FL.DTA","Gabon",2012
"Female Sterilization",0.0109509999044626,"GAIR60FL.DTA","Gabon",2012
"Male Sterilization",0.000187033978532222,"GAIR60FL.DTA","Gabon",2012
"Periodic Abstinence",0.226246022231379,"GAIR60FL.DTA","Gabon",2012
"Withdrawal",0.0516451826756374,"GAIR60FL.DTA","Gabon",2012
"Other",0.00944364168425533,"GAIR60FL.DTA","Gabon",2012
"Implant",0.000563518395267626,"GAIR60FL.DTA","Gabon",2012
"Female Condom",0.00219010911635635,"GAIR60FL.DTA","Gabon",2012
"Other Modern Method",0.0232700798647729,"GAIR60FL.DTA","Gabon",2012
"Pill",0.0970736363378235,"GMIR81FL.DTA","Gambia",2019
"IUD",0.0305105586483874,"GMIR81FL.DTA","Gambia",2019
"Injections",0.416063897151784,"GMIR81FL.DTA","Gambia",2019
"Male Condom",0.0250735055800352,"GMIR81FL.DTA","Gambia",2019
"Female Sterilization",0.0267699652859715,"GMIR81FL.DTA","Gambia",2019
"Male Sterilization",0.00119296132619027,"GMIR81FL.DTA","Gambia",2019
"Periodic Abstinence",0.00633075157567824,"GMIR81FL.DTA","Gambia",2019
"Withdrawal",0.0344288047856406,"GMIR81FL.DTA","Gambia",2019
"Other Traditional Method",0.0478957352650052,"GMIR81FL.DTA","Gambia",2019
"Implant",0.306657854752058,"GMIR81FL.DTA","Gambia",2019
"Lactational Amenorrhea",0.0047036608510965,"GMIR81FL.DTA","Gambia",2019
"Female Condom",0.000262386700735082,"GMIR81FL.DTA","Gambia",2019
"Standard Days Method",0.00303628173959453,"GMIR81FL.DTA","Gambia",2019
"Pill",0.216256406039511,"GMIR60FL.DTA","Gambia",2013
"IUD",0.0393115958390335,"GMIR60FL.DTA","Gambia",2013
"Injections",0.427609496171616,"GMIR60FL.DTA","Gambia",2013
"Male Condom",0.107617995211925,"GMIR60FL.DTA","Gambia",2013
"Female Sterilization",0.0570138879445397,"GMIR60FL.DTA","Gambia",2013
"Periodic Abstinence",0.0151467647644201,"GMIR60FL.DTA","Gambia",2013
"Withdrawal",0.0288242096578616,"GMIR60FL.DTA","Gambia",2013
"Other",0.0426784147849727,"GMIR60FL.DTA","Gambia",2013
"Implant",0.064972617620821,"GMIR60FL.DTA","Gambia",2013
"Lactational Amenorrhea",0.000216951280212864,"GMIR60FL.DTA","Gambia",2013
"Female Condom",0.000221866810884825,"GMIR60FL.DTA","Gambia",2013
"Other Modern Method",0.000129793874202312,"GMIR60FL.DTA","Gambia",2013
"Pill",0.171902108392545,"GHIR72FL.DTA","Ghana",2014
"IUD",0.0234995090947947,"GHIR72FL.DTA","Ghana",2014
"Injections",0.264490815784816,"GHIR72FL.DTA","Ghana",2014
"Diaphragm",0.000763603150762985,"GHIR72FL.DTA","Ghana",2014
"Male Condom",0.0896352500262649,"GHIR72FL.DTA","Ghana",2014
"Female Sterilization",0.0567320704700359,"GHIR72FL.DTA","Ghana",2014
"Periodic Abstinence",0.134958275116581,"GHIR72FL.DTA","Ghana",2014
"Withdrawal",0.0602177202694409,"GHIR72FL.DTA","Ghana",2014
"Other",0.00842000424062672,"GHIR72FL.DTA","Ghana",2014
"Implant",0.164380373237055,"GHIR72FL.DTA","Ghana",2014
"Lactational Amenorrhea",0.00483318875146779,"GHIR72FL.DTA","Ghana",2014
"Female Condom",0.00202657464545659,"GHIR72FL.DTA","Ghana",2014
"Foam Or Jelly",0.000884240615635075,"GHIR72FL.DTA","Ghana",2014
"Other Modern Method",0.0172562662045172,"GHIR72FL.DTA","Ghana",2014
"Pill",0.0549328486229961,"GUIR71FL.DTA","Guatemala",2014
"IUD",0.0260770351000186,"GUIR71FL.DTA","Guatemala",2014
"Injections",0.261928898349551,"GUIR71FL.DTA","Guatemala",2014
"Male Condom",0.0759167144759293,"GUIR71FL.DTA","Guatemala",2014
"Female Sterilization",0.35473300573185,"GUIR71FL.DTA","Guatemala",2014
"Male Sterilization",0.00915622347475793,"GUIR71FL.DTA","Guatemala",2014
"Periodic Abstinence",0.0888124792764907,"GUIR71FL.DTA","Guatemala",2014
"Withdrawal",0.0929180071819158,"GUIR71FL.DTA","Guatemala",2014
"Other",0.000759553346109077,"GUIR71FL.DTA","Guatemala",2014
"Implant",0.0308232990275031,"GUIR71FL.DTA","Guatemala",2014
"Lactational Amenorrhea",0.00178991954941094,"GUIR71FL.DTA","Guatemala",2014
"Other Modern Method",0.0002632821389678,"GUIR71FL.DTA","Guatemala",2014
"Standard Days Method",0.00167639892484964,"GUIR71FL.DTA","Guatemala",2014
"Diaphragm/Foam/Jelly",0.000212334799650247,"GUIR71FL.DTA","Guatemala",2014
"Pill",0.160258497882273,"GNIR71FL.DTA","Guinea",2018
"IUD",0.0438181431791297,"GNIR71FL.DTA","Guinea",2018
"Injections",0.176931993443717,"GNIR71FL.DTA","Guinea",2018
"Male Condom",0.122778754670981,"GNIR71FL.DTA","Guinea",2018
"Female Sterilization",0.0100199453009539,"GNIR71FL.DTA","Guinea",2018
"Male Sterilization",0.00778092649764414,"GNIR71FL.DTA","Guinea",2018
"Periodic Abstinence",0.00743243811497138,"GNIR71FL.DTA","Guinea",2018
"Withdrawal",0.0113152033881237,"GNIR71FL.DTA","Guinea",2018
"Other Traditional Method",0.00972664672109992,"GNIR71FL.DTA","Guinea",2018
"Implant",0.185020012649446,"GNIR71FL.DTA","Guinea",2018
"Lactational Amenorrhea",0.234966824070139,"GNIR71FL.DTA","Guinea",2018
"Emergency Contraception",0.00199243576444254,"GNIR71FL.DTA","Guinea",2018
"Other Modern Method",0.000558560955641319,"GNIR71FL.DTA","Guinea",2018
"Standard Days Method",0.0273996173614366,"GNIR71FL.DTA","Guinea",2018
"Pill",0.187634748034619,"GNIR62FL.DTA","Guinea",2012
"IUD",0.0202928359882537,"GNIR62FL.DTA","Guinea",2012
"Injections",0.186230703794923,"GNIR62FL.DTA","Guinea",2012
"Male Condom",0.279297979784276,"GNIR62FL.DTA","Guinea",2012
"Female Sterilization",0.00688580164128751,"GNIR62FL.DTA","Guinea",2012
"Male Sterilization",0.00114706215532972,"GNIR62FL.DTA","Guinea",2012
"Periodic Abstinence",0.088416235027867,"GNIR62FL.DTA","Guinea",2012
"Withdrawal",0.0402529276388243,"GNIR62FL.DTA","Guinea",2012
"Other",0.0435951048164091,"GNIR62FL.DTA","Guinea",2012
"Implant",0.0113554104876581,"GNIR62FL.DTA","Guinea",2012
"Lactational Amenorrhea",0.128878050187682,"GNIR62FL.DTA","Guinea",2012
"Female Condom",0.0011724809207412,"GNIR62FL.DTA","Guinea",2012
"Other Modern Method",0.00484065952212935,"GNIR62FL.DTA","Guinea",2012
"Pill",0.151782076774028,"HNIR62FL.DTA","Honduras",2011
"IUD",0.0945065381188588,"HNIR62FL.DTA","Honduras",2011
"Injections",0.229452053787016,"HNIR62FL.DTA","Honduras",2011
"Male Condom",0.0742113127760957,"HNIR62FL.DTA","Honduras",2011
"Female Sterilization",0.324564780440975,"HNIR62FL.DTA","Honduras",2011
"Male Sterilization",0.00358456160834893,"HNIR62FL.DTA","Honduras",2011
"Periodic Abstinence",0.0367304267213709,"HNIR62FL.DTA","Honduras",2011
"Withdrawal",0.0824261253475523,"HNIR62FL.DTA","Honduras",2011
"Other",0.00152592034902002,"HNIR62FL.DTA","Honduras",2011
"Implant",0.0000745553505092645,"HNIR62FL.DTA","Honduras",2011
"Lactational Amenorrhea",0.000289106774976251,"HNIR62FL.DTA","Honduras",2011
"Female Condom",0.000030463695114307,"HNIR62FL.DTA","Honduras",2011
"Standard Days Method",0.00082207825613427,"HNIR62FL.DTA","Honduras",2011
"Pill",0.0735649802702524,"IAIR7DFL.DTA","India",2019
"IUD",0.030602374961815,"IAIR7DFL.DTA","India",2019
"Injections",0.00817613228118417,"IAIR7DFL.DTA","India",2019
"Diaphragm",0.0000995501821186026,"IAIR7DFL.DTA","India",2019
"Male Condom",0.140169377051449,"IAIR7DFL.DTA","India",2019
"Female Sterilization",0.579543782702276,"IAIR7DFL.DTA","India",2019
"Male Sterilization",0.00449219314811494,"IAIR7DFL.DTA","India",2019
"Periodic Abstinence",0.0902169827778432,"IAIR7DFL.DTA","India",2019
"Withdrawal",0.0583354601283127,"IAIR7DFL.DTA","India",2019
"Other Traditional Method",0.0000148581264152114,"IAIR7DFL.DTA","India",2019
"Lactational Amenorrhea",0.0106553665274994,"IAIR7DFL.DTA","India",2019
"Female Condom",0.000461992032587512,"IAIR7DFL.DTA","India",2019
"Foam Or Jelly",0.0000465373677877587,"IAIR7DFL.DTA","India",2019
"Emergency Contraception",0.000825108911021695,"IAIR7DFL.DTA","India",2019
"Other Modern Method",0.000000730664696807598,"IAIR7DFL.DTA","India",2019
"Standard Days Method",0.00279457286662475,"IAIR7DFL.DTA","India",2019
"Pill",0.0729779877564888,"IAIR73FL.DTA","India",2015
"IUD",0.0276893788968949,"IAIR73FL.DTA","India",2015
"Injections",0.00330988244345121,"IAIR73FL.DTA","India",2015
"Diaphragm",0.00000402790617192996,"IAIR73FL.DTA","India",2015
"Male Condom",0.102034357934294,"IAIR73FL.DTA","India",2015
"Female Sterilization",0.68290625566258,"IAIR73FL.DTA","India",2015
"Male Sterilization",0.00497016687891131,"IAIR73FL.DTA","India",2015
"Periodic Abstinence",0.0633223700382195,"IAIR73FL.DTA","India",2015
"Withdrawal",0.0406660467065983,"IAIR73FL.DTA","India",2015
"Lactational Amenorrhea",0.00142808740359462,"IAIR73FL.DTA","India",2015
"Female Condom",0.000475655402617821,"IAIR73FL.DTA","India",2015
"Foam Or Jelly",0.0000703495479715852,"IAIR73FL.DTA","India",2015
"Standard Days Method",0.000145433422206382,"IAIR73FL.DTA","India",2015
"Pill",0.18995090978925,"IDIR71FL.DTA","Indonesia",2017
"IUD",0.0751823173134118,"IDIR71FL.DTA","Indonesia",2017
"Injections",0.387610563478719,"IDIR71FL.DTA","Indonesia",2017
"Male Condom",0.0399116056844058,"IDIR71FL.DTA","Indonesia",2017
"Female Sterilization",0.0601379772753132,"IDIR71FL.DTA","Indonesia",2017
"Male Sterilization",0.00264231567565536,"IDIR71FL.DTA","Indonesia",2017
"Periodic Abstinence",0.0298962028328313,"IDIR71FL.DTA","Indonesia",2017
"Withdrawal",0.0664406686321666,"IDIR71FL.DTA","Indonesia",2017
"Other Traditional Method",0.00431084258705162,"IDIR71FL.DTA","Indonesia",2017
"Implant",0.0747981611057487,"IDIR71FL.DTA","Indonesia",2017
"Lactational Amenorrhea",0.0014271025106065,"IDIR71FL.DTA","Indonesia",2017
"Other Modern Method",0.000255582728112411,"IDIR71FL.DTA","Indonesia",2017
"Injection 1 Months",0.0674357503867281,"IDIR71FL.DTA","Indonesia",2017
"Pill",0.218233231630485,"IDIR63FL.DTA","Indonesia",2012
"IUD",0.0649448032691258,"IDIR63FL.DTA","Indonesia",2012
"Injections",0.51346730606812,"IDIR63FL.DTA","Indonesia",2012
"Male Condom",0.0283785082591137,"IDIR63FL.DTA","Indonesia",2012
"Female Sterilization",0.0535366836406682,"IDIR63FL.DTA","Indonesia",2012
"Male Sterilization",0.00249079455419518,"IDIR63FL.DTA","Indonesia",2012
"Periodic Abstinence",0.0210599151780682,"IDIR63FL.DTA","Indonesia",2012
"Withdrawal",0.0375274420728452,"IDIR63FL.DTA","Indonesia",2012
"Other Traditional Method",0.00602448708844816,"IDIR63FL.DTA","Indonesia",2012
"Implant",0.0535385871772056,"IDIR63FL.DTA","Indonesia",2012
"Lactational Amenorrhea",0.000738746783381755,"IDIR63FL.DTA","Indonesia",2012
"Other Modern Method",0.0000594942783428186,"IDIR63FL.DTA","Indonesia",2012
"Pill",0.151079477457906,"JOIR72FL.DTA","Jordan",2017
"IUD",0.401401471519018,"JOIR72FL.DTA","Jordan",2017
"Injections",0.0147313225519025,"JOIR72FL.DTA","Jordan",2017
"Male Condom",0.0991670204111005,"JOIR72FL.DTA","Jordan",2017
"Female Sterilization",0.0296399025243737,"JOIR72FL.DTA","Jordan",2017
"Male Sterilization",0.0000702343311492545,"JOIR72FL.DTA","Jordan",2017
"Periodic Abstinence",0.0257561307878004,"JOIR72FL.DTA","Jordan",2017
"Withdrawal",0.251170103254026,"JOIR72FL.DTA","Jordan",2017
"Implant",0.00536836428079963,"JOIR72FL.DTA","Jordan",2017
"Lactational Amenorrhea",0.0208182947595083,"JOIR72FL.DTA","Jordan",2017
"Female Condom",0.000797678122416044,"JOIR72FL.DTA","Jordan",2017
"Pill",0.132531323090654,"JOIR6CFL.DTA","Jordan",2012
"IUD",0.347935882444736,"JOIR6CFL.DTA","Jordan",2012
"Injections",0.0152440032186892,"JOIR6CFL.DTA","Jordan",2012
"Male Condom",0.128742728355128,"JOIR6CFL.DTA","Jordan",2012
"Female Sterilization",0.0372211397420471,"JOIR6CFL.DTA","Jordan",2012
"Periodic Abstinence",0.0577068491313825,"JOIR6CFL.DTA","Jordan",2012
"Withdrawal",0.234034462860297,"JOIR6CFL.DTA","Jordan",2012
"Other",0.0161958771079144,"JOIR6CFL.DTA","Jordan",2012
"Implant",0.00532082260143062,"JOIR6CFL.DTA","Jordan",2012
"Lactational Amenorrhea",0.0216424268703558,"JOIR6CFL.DTA","Jordan",2012
"Other Modern Method",0.00342448457736484,"JOIR6CFL.DTA","Jordan",2012
"Pill",0.128673790154427,"KEIR72FL.DTA","Kenya",2014
"IUD",0.0538122863447729,"KEIR72FL.DTA","Kenya",2014
"Injections",0.439470747582756,"KEIR72FL.DTA","Kenya",2014
"Male Condom",0.0736501200148599,"KEIR72FL.DTA","Kenya",2014
"Female Sterilization",0.0522188050657904,"KEIR72FL.DTA","Kenya",2014
"Male Sterilization",0.000397853891456339,"KEIR72FL.DTA","Kenya",2014
"Periodic Abstinence",0.065691424650597,"KEIR72FL.DTA","Kenya",2014
"Withdrawal",0.0102950616645344,"KEIR72FL.DTA","Kenya",2014
"Other",0.00527258273576532,"KEIR72FL.DTA","Kenya",2014
"Implant",0.167190217509121,"KEIR72FL.DTA","Kenya",2014
"Lactational Amenorrhea",0.00130628898445034,"KEIR72FL.DTA","Kenya",2014
"Female Condom",0.000958581552729144,"KEIR72FL.DTA","Kenya",2014
"Other Modern Method",0.00106223984873938,"KEIR72FL.DTA","Kenya",2014
"Pill",0.0438708625054808,"KYIR61FL.DTA","Kyrgyz Republic",2012
"IUD",0.598530859519505,"KYIR61FL.DTA","Kyrgyz Republic",2012
"Injections",0.013145389867357,"KYIR61FL.DTA","Kyrgyz Republic",2012
"Male Condom",0.218658440641913,"KYIR61FL.DTA","Kyrgyz Republic",2012
"Female Sterilization",0.0462704116408765,"KYIR61FL.DTA","Kyrgyz Republic",2012
"Periodic Abstinence",0.00652515198962006,"KYIR61FL.DTA","Kyrgyz Republic",2012
"Withdrawal",0.0634545446988091,"KYIR61FL.DTA","Kyrgyz Republic",2012
"Other",0.00136761131568702,"KYIR61FL.DTA","Kyrgyz Republic",2012
"Lactational Amenorrhea",0.0057400757967498,"KYIR61FL.DTA","Kyrgyz Republic",2012
"Foam Or Jelly",0.000665032031585487,"KYIR61FL.DTA","Kyrgyz Republic",2012
"Other Modern Method",0.00177161999241661,"KYIR61FL.DTA","Kyrgyz Republic",2012
"Pill",0.186122004256953,"LSIR71FL.DTA","Lesotho",2014
"IUD",0.0195415705352198,"LSIR71FL.DTA","Lesotho",2014
"Injections",0.345013078580059,"LSIR71FL.DTA","Lesotho",2014
"Male Condom",0.388818933607555,"LSIR71FL.DTA","Lesotho",2014
"Female Sterilization",0.0225538928137694,"LSIR71FL.DTA","Lesotho",2014
"Male Sterilization",0.000780830889625387,"LSIR71FL.DTA","Lesotho",2014
"Periodic Abstinence",0.00276515906597188,"LSIR71FL.DTA","Lesotho",2014
"Withdrawal",0.00424740757384503,"LSIR71FL.DTA","Lesotho",2014
"Other",0.000150665738145432,"LSIR71FL.DTA","Lesotho",2014
"Implant",0.0250544704430652,"LSIR71FL.DTA","Lesotho",2014
"Female Condom",0.00495198649579061,"LSIR71FL.DTA","Lesotho",2014
"Pill",0.117753790518778,"LBIR7AFL.DTA","Liberia",2019
"IUD",0.00332341633350436,"LBIR7AFL.DTA","Liberia",2019
"Injections",0.578534861168632,"LBIR7AFL.DTA","Liberia",2019
"Male Condom",0.0554145923400099,"LBIR7AFL.DTA","Liberia",2019
"Female Sterilization",0.00540996410191846,"LBIR7AFL.DTA","Liberia",2019
"Periodic Abstinence",0.0201619090643169,"LBIR7AFL.DTA","Liberia",2019
"Withdrawal",0.0158014643239221,"LBIR7AFL.DTA","Liberia",2019
"Implant",0.190674132437931,"LBIR7AFL.DTA","Liberia",2019
"Lactational Amenorrhea",0.00344794561971095,"LBIR7AFL.DTA","Liberia",2019
"Emergency Contraception",0.00298550348780893,"LBIR7AFL.DTA","Liberia",2019
"Other Modern Method",0.00232759253583726,"LBIR7AFL.DTA","Liberia",2019
"Standard Days Method",0.00416482806763071,"LBIR7AFL.DTA","Liberia",2019
"Pill",0.201106626969768,"LBIR6AFL.DTA","Liberia",2013
"IUD",0.00210374185907046,"LBIR6AFL.DTA","Liberia",2013
"Injections",0.573220317807148,"LBIR6AFL.DTA","Liberia",2013
"Male Condom",0.0474422571073555,"LBIR6AFL.DTA","Liberia",2013
"Female Sterilization",0.00881696033747942,"LBIR6AFL.DTA","Liberia",2013
"Periodic Abstinence",0.0533907663204761,"LBIR6AFL.DTA","Liberia",2013
"Withdrawal",0.00159625609898603,"LBIR6AFL.DTA","Liberia",2013
"Other",0.000809128648390211,"LBIR6AFL.DTA","Liberia",2013
"Implant",0.105205265040175,"LBIR6AFL.DTA","Liberia",2013
"Lactational Amenorrhea",0.000128142703923824,"LBIR6AFL.DTA","Liberia",2013
"Other Modern Method",0.0048212883410509,"LBIR6AFL.DTA","Liberia",2013
"Standard Days Method",0.00135924876617692,"LBIR6AFL.DTA","Liberia",2013
"Pill",0.0700955461192692,"MDIR81FL.DTA","Madagascar",2021
"IUD",0.0134968008934168,"MDIR81FL.DTA","Madagascar",2021
"Injections",0.532153404631043,"MDIR81FL.DTA","Madagascar",2021
"Male Condom",0.0145650484357104,"MDIR81FL.DTA","Madagascar",2021
"Female Sterilization",0.0203403853208681,"MDIR81FL.DTA","Madagascar",2021
"Periodic Abstinence",0.125509913577872,"MDIR81FL.DTA","Madagascar",2021
"Withdrawal",0.0198558662475043,"MDIR81FL.DTA","Madagascar",2021
"Other Traditional Method",0.00366955955491014,"MDIR81FL.DTA","Madagascar",2021
"Implant",0.183813685767813,"MDIR81FL.DTA","Madagascar",2021
"Lactational Amenorrhea",0.00598170386166056,"MDIR81FL.DTA","Madagascar",2021
"Emergency Contraception",0.000330782419836167,"MDIR81FL.DTA","Madagascar",2021
"Other Modern Method",0.000221555816023634,"MDIR81FL.DTA","Madagascar",2021
"Standard Days Method",0.00996574735407165,"MDIR81FL.DTA","Madagascar",2021
"Pill",0.0378426360334725,"MWIR7AFL.DTA","Malawi",2015
"IUD",0.0174777060197613,"MWIR7AFL.DTA","Malawi",2015
"Injections",0.489561968396449,"MWIR7AFL.DTA","Malawi",2015
"Male Condom",0.0559114544186761,"MWIR7AFL.DTA","Malawi",2015
"Female Sterilization",0.18111099265902,"MWIR7AFL.DTA","Malawi",2015
"Male Sterilization",0.0016358976028921,"MWIR7AFL.DTA","Malawi",2015
"Periodic Abstinence",0.00405198472313289,"MWIR7AFL.DTA","Malawi",2015
"Withdrawal",0.00802597094357987,"MWIR7AFL.DTA","Malawi",2015
"Other Traditional Method",0.00535159541215401,"MWIR7AFL.DTA","Malawi",2015
"Implant",0.194931883764257,"MWIR7AFL.DTA","Malawi",2015
"Lactational Amenorrhea",0.00158047731336542,"MWIR7AFL.DTA","Malawi",2015
"Female Condom",0.000629906461790105,"MWIR7AFL.DTA","Malawi",2015
"Emergency Contraception",0.000870352280345429,"MWIR7AFL.DTA","Malawi",2015
"Other Modern Method",0.000177495175606853,"MWIR7AFL.DTA","Malawi",2015
"Standard Days Method",0.000839678795496608,"MWIR7AFL.DTA","Malawi",2015
"Pill",0.118987410324163,"MVIR71FL.DTA","Maldives",2016
"IUD",0.0228549043653827,"MVIR71FL.DTA","Maldives",2016
"Injections",0.0421470130488098,"MVIR71FL.DTA","Maldives",2016
"Male Condom",0.33553493867948,"MVIR71FL.DTA","Maldives",2016
"Female Sterilization",0.247254896987478,"MVIR71FL.DTA","Maldives",2016
"Male Sterilization",0.00734811059700454,"MVIR71FL.DTA","Maldives",2016
"Periodic Abstinence",0.0281274876387914,"MVIR71FL.DTA","Maldives",2016
"Withdrawal",0.173240931629851,"MVIR71FL.DTA","Maldives",2016
"Implant",0.0174304107879365,"MVIR71FL.DTA","Maldives",2016
"Other Modern Method",0.00106308659356952,"MVIR71FL.DTA","Maldives",2016
"Standard Days Method",0.00601080934753308,"MVIR71FL.DTA","Maldives",2016
"Pill",0.118562206270853,"MLIR7HFL.DTA","Mali",2018
"IUD",0.0571664440582089,"MLIR7HFL.DTA","Mali",2018
"Injections",0.324399772428057,"MLIR7HFL.DTA","Mali",2018
"Male Condom",0.0075401796721006,"MLIR7HFL.DTA","Mali",2018
"Female Sterilization",0.0185940394805433,"MLIR7HFL.DTA","Mali",2018
"Periodic Abstinence",0.00595458708937964,"MLIR7HFL.DTA","Mali",2018
"Withdrawal",0.0178201169263754,"MLIR7HFL.DTA","Mali",2018
"Other Traditional Method",0.0231436040244234,"MLIR7HFL.DTA","Mali",2018
"Implant",0.417475758444291,"MLIR7HFL.DTA","Mali",2018
"Lactational Amenorrhea",0.00641852120549832,"MLIR7HFL.DTA","Mali",2018
"Female Condom",0.000300867189684381,"MLIR7HFL.DTA","Mali",2018
"Standard Days Method",0.00262390321058562,"MLIR7HFL.DTA","Mali",2018
"Pill",0.264873904640035,"MLIR6AFL.DTA","Mali",2012
"IUD",0.0327331636503437,"MLIR6AFL.DTA","Mali",2012
"Injections",0.382172661384168,"MLIR6AFL.DTA","Mali",2012
"Diaphragm",0.00278317657563721,"MLIR6AFL.DTA","Mali",2012
"Male Condom",0.0194829368423366,"MLIR6AFL.DTA","Mali",2012
"Female Sterilization",0.00871361545630241,"MLIR6AFL.DTA","Mali",2012
"Male Sterilization",0.00359252808594963,"MLIR6AFL.DTA","Mali",2012
"Periodic Abstinence",0.00366806131373068,"MLIR6AFL.DTA","Mali",2012
"Withdrawal",0.00023309900275595,"MLIR6AFL.DTA","Mali",2012
"Other",0.0328605589509929,"MLIR6AFL.DTA","Mali",2012
"Implant",0.238283807456988,"MLIR6AFL.DTA","Mali",2012
"Lactational Amenorrhea",0.000485703643891334,"MLIR6AFL.DTA","Mali",2012
"Female Condom",0.00062860706947312,"MLIR6AFL.DTA","Mali",2012
"Other Modern Method",0.00368885049569282,"MLIR6AFL.DTA","Mali",2012
"Standard Days Method",0.00579932543170208,"MLIR6AFL.DTA","Mali",2012
"Pill",0.481591645288975,"MRIR71FL.DTA","Mauritania",2019
"IUD",0.00939811558935827,"MRIR71FL.DTA","Mauritania",2019
"Injections",0.22188377794614,"MRIR71FL.DTA","Mauritania",2019
"Male Condom",0.032669547687954,"MRIR71FL.DTA","Mauritania",2019
"Periodic Abstinence",0.00342787434419513,"MRIR71FL.DTA","Mauritania",2019
"Withdrawal",0.0935119674449859,"MRIR71FL.DTA","Mauritania",2019
"Other Traditional Method",0.00607608556437443,"MRIR71FL.DTA","Mauritania",2019
"Implant",0.143933216696039,"MRIR71FL.DTA","Mauritania",2019
"Lactational Amenorrhea",0.00550244379809667,"MRIR71FL.DTA","Mauritania",2019
"Female Condom",0.000505987668293522,"MRIR71FL.DTA","Mauritania",2019
"Other Modern Method",0.0004946894310812,"MRIR71FL.DTA","Mauritania",2019
"Standard Days Method",0.00100464854050792,"MRIR71FL.DTA","Mauritania",2019
"Pill",0.345654331405958,"MZIR62FL.DTA","Mozambique",2011
"IUD",0.0121728467695994,"MZIR62FL.DTA","Mozambique",2011
"Injections",0.349192928817738,"MZIR62FL.DTA","Mozambique",2011
"Male Condom",0.238999442283395,"MZIR62FL.DTA","Mozambique",2011
"Female Sterilization",0.0138280558958152,"MZIR62FL.DTA","Mozambique",2011
"Periodic Abstinence",0.00719830686621071,"MZIR62FL.DTA","Mozambique",2011
"Withdrawal",0.00449601237264698,"MZIR62FL.DTA","Mozambique",2011
"Other",0.00863392072838236,"MZIR62FL.DTA","Mozambique",2011
"Implant",0.0012402227166891,"MZIR62FL.DTA","Mozambique",2011
"Lactational Amenorrhea",0.0101115324886519,"MZIR62FL.DTA","Mozambique",2011
"Female Condom",0.00788953080280768,"MZIR62FL.DTA","Mozambique",2011
"Other Modern Method",0.00058286885210521,"MZIR62FL.DTA","Mozambique",2011
"Pill",0.0870480919843049,"NPIR7HFL.DTA","Nepal",2016
"IUD",0.0267705835261663,"NPIR7HFL.DTA","Nepal",2016
"Injections",0.16833246630534,"NPIR7HFL.DTA","Nepal",2016
"Male Condom",0.0800659356761479,"NPIR7HFL.DTA","Nepal",2016
"Female Sterilization",0.284508911364927,"NPIR7HFL.DTA","Nepal",2016
"Male Sterilization",0.103858982867234,"NPIR7HFL.DTA","Nepal",2016
"Periodic Abstinence",0.0198146441987904,"NPIR7HFL.DTA","Nepal",2016
"Withdrawal",0.164537501690459,"NPIR7HFL.DTA","Nepal",2016
"Other Traditional Method",0.000983428214710749,"NPIR7HFL.DTA","Nepal",2016
"Implant",0.0627276538793,"NPIR7HFL.DTA","Nepal",2016
"Lactational Amenorrhea",0.000131585951575766,"NPIR7HFL.DTA","Nepal",2016
"Emergency Contraception",0.00122021434104462,"NPIR7HFL.DTA","Nepal",2016
"Pill",0.082662502350112,"NPIR60FL.DTA","Nepal",2011
"IUD",0.0256886166036022,"NPIR60FL.DTA","Nepal",2011
"Injections",0.182264555558443,"NPIR60FL.DTA","Nepal",2011
"Male Condom",0.0870430939162792,"NPIR60FL.DTA","Nepal",2011
"Female Sterilization",0.311307672393877,"NPIR60FL.DTA","Nepal",2011
"Male Sterilization",0.157096497474274,"NPIR60FL.DTA","Nepal",2011
"Periodic Abstinence",0.022795197116496,"NPIR60FL.DTA","Nepal",2011
"Withdrawal",0.106543382607054,"NPIR60FL.DTA","Nepal",2011
"Other",0.000799530267194985,"NPIR60FL.DTA","Nepal",2011
"Implant",0.0235217925597841,"NPIR60FL.DTA","Nepal",2011
"Other Modern Method",0.00027715915288409,"NPIR60FL.DTA","Nepal",2011
"Pill",0.399463662828316,"NIIR61FL.DTA","Niger",2012
"IUD",0.00484265513223682,"NIIR61FL.DTA","Niger",2012
"Injections",0.153771095346849,"NIIR61FL.DTA","Niger",2012
"Male Condom",0.00718059301449886,"NIIR61FL.DTA","Niger",2012
"Female Sterilization",0.00960856943118898,"NIIR61FL.DTA","Niger",2012
"Periodic Abstinence",0.00731293844068806,"NIIR61FL.DTA","Niger",2012
"Withdrawal",0.000758542481855212,"NIIR61FL.DTA","Niger",2012
"Other",0.112401323390315,"NIIR61FL.DTA","Niger",2012
"Implant",0.0222484003433306,"NIIR61FL.DTA","Niger",2012
"Lactational Amenorrhea",0.279463529457012,"NIIR61FL.DTA","Niger",2012
"Female Condom",0.000773762897671466,"NIIR61FL.DTA","Niger",2012
"Other Modern Method",0.00217492723603892,"NIIR61FL.DTA","Niger",2012
"Pill",0.0809333274807591,"NGIR7AFL.DTA","Nigeria",2018
"IUD",0.0412411181423515,"NGIR7AFL.DTA","Nigeria",2018
"Injections",0.168340477735175,"NGIR7AFL.DTA","Nigeria",2018
"Male Condom",0.174902752264834,"NGIR7AFL.DTA","Nigeria",2018
"Female Sterilization",0.0122182606655154,"NGIR7AFL.DTA","Nigeria",2018
"Periodic Abstinence",0.08185531743402,"NGIR7AFL.DTA","Nigeria",2018
"Withdrawal",0.144132052300441,"NGIR7AFL.DTA","Nigeria",2018
"Other Traditional Method",0.0388796698136861,"NGIR7AFL.DTA","Nigeria",2018
"Implant",0.175690939449183,"NGIR7AFL.DTA","Nigeria",2018
"Lactational Amenorrhea",0.0578657784765753,"NGIR7AFL.DTA","Nigeria",2018
"Female Condom",0.000853467080355481,"NGIR7AFL.DTA","Nigeria",2018
"Emergency Contraception",0.0173605460512296,"NGIR7AFL.DTA","Nigeria",2018
"Other Modern Method",0.00404232714721403,"NGIR7AFL.DTA","Nigeria",2018
"Standard Days Method",0.00168396595866127,"NGIR7AFL.DTA","Nigeria",2018
"Pill",0.116289566271585,"NGIR6AFL.DTA","Nigeria",2013
"IUD",0.0516491384765433,"NGIR6AFL.DTA","Nigeria",2013
"Injections",0.154714387702583,"NGIR6AFL.DTA","Nigeria",2013
"Diaphragm",0.00163135164260646,"NGIR6AFL.DTA","Nigeria",2013
"Male Condom",0.284448050619736,"NGIR6AFL.DTA","Nigeria",2013
"Female Sterilization",0.0167859254049314,"NGIR6AFL.DTA","Nigeria",2013
"Male Sterilization",0.000277750856045999,"NGIR6AFL.DTA","Nigeria",2013
"Periodic Abstinence",0.127396681842906,"NGIR6AFL.DTA","Nigeria",2013
"Withdrawal",0.135023297194901,"NGIR6AFL.DTA","Nigeria",2013
"Other",0.0401791643684833,"NGIR6AFL.DTA","Nigeria",2013
"Implant",0.0179739174567773,"NGIR6AFL.DTA","Nigeria",2013
"Lactational Amenorrhea",0.0205419167711645,"NGIR6AFL.DTA","Nigeria",2013
"Female Condom",0.000827993404279376,"NGIR6AFL.DTA","Nigeria",2013
"Foam Or Jelly",0.0000595483948831629,"NGIR6AFL.DTA","Nigeria",2013
"Other Modern Method",0.0269395346215721,"NGIR6AFL.DTA","Nigeria",2013
"Standard Days Method",0.00526177497100153,"NGIR6AFL.DTA","Nigeria",2013
"Pill",0.0481016709507486,"PKIR71FL.DTA","Pakistan",2017
"IUD",0.0619453720878277,"PKIR71FL.DTA","Pakistan",2017
"Injections",0.0722587311641134,"PKIR71FL.DTA","Pakistan",2017
"Male Condom",0.266826318694367,"PKIR71FL.DTA","Pakistan",2017
"Female Sterilization",0.265474421442199,"PKIR71FL.DTA","Pakistan",2017
"Male Sterilization",0.00145076227864545,"PKIR71FL.DTA","Pakistan",2017
"Periodic Abstinence",0.0298430488552589,"PKIR71FL.DTA","Pakistan",2017
"Withdrawal",0.231901022286963,"PKIR71FL.DTA","Pakistan",2017
"Other Traditional Method",0.00290741457366728,"PKIR71FL.DTA","Pakistan",2017
"Implant",0.0128824211047487,"PKIR71FL.DTA","Pakistan",2017
"Lactational Amenorrhea",0.00521663147309826,"PKIR71FL.DTA","Pakistan",2017
"Emergency Contraception",0.000932970386977608,"PKIR71FL.DTA","Pakistan",2017
"Other Modern Method",0.0000652056615142243,"PKIR71FL.DTA","Pakistan",2017
"Standard Days Method",0.000194009039871293,"PKIR71FL.DTA","Pakistan",2017
"Pill",0.341970349623579,"PHIR61FL.DTA","Philippines",2013
"IUD",0.0629754316400279,"PHIR61FL.DTA","Philippines",2013
"Injections",0.0654559639536288,"PHIR61FL.DTA","Philippines",2013
"Male Condom",0.0393454567565492,"PHIR61FL.DTA","Philippines",2013
"Female Sterilization",0.15516821052899,"PHIR61FL.DTA","Philippines",2013
"Male Sterilization",0.00189251807862102,"PHIR61FL.DTA","Philippines",2013
"Periodic Abstinence",0.0912312234579519,"PHIR61FL.DTA","Philippines",2013
"Withdrawal",0.223566710439067,"PHIR61FL.DTA","Philippines",2013
"Other",0.00445968890427089,"PHIR61FL.DTA","Philippines",2013
"Implant",0.000367985639623275,"PHIR61FL.DTA","Philippines",2013
"Lactational Amenorrhea",0.00870059547316539,"PHIR61FL.DTA","Philippines",2013
"Other Modern Method",0.00044396204320668,"PHIR61FL.DTA","Philippines",2013
"Standard Days Method",0.00207223399331138,"PHIR61FL.DTA","Philippines",2013
"Billings Method",0.00144385875914239,"PHIR61FL.DTA","Philippines",2013
"Basal Body Temperature",0.000729705977422372,"PHIR61FL.DTA","Philippines",2013
"Basal Body Temperature",0.000176104731442425,"PHIR61FL.DTA","Philippines",2013
"Pill",0.0976682824260182,"RWIR81FL.DTA","Rwanda",2019
"IUD",0.0307069954896264,"RWIR81FL.DTA","Rwanda",2019
"Injections",0.23702315116487,"RWIR81FL.DTA","Rwanda",2019
"Male Condom",0.0618315613143979,"RWIR81FL.DTA","Rwanda",2019
"Female Sterilization",0.0277847725533878,"RWIR81FL.DTA","Rwanda",2019
"Male Sterilization",0.00221905958884689,"RWIR81FL.DTA","Rwanda",2019
"Periodic Abstinence",0.0478828202860195,"RWIR81FL.DTA","Rwanda",2019
"Withdrawal",0.039643577984622,"RWIR81FL.DTA","Rwanda",2019
"Other Traditional Method",0.00233557205848844,"RWIR81FL.DTA","Rwanda",2019
"Implant",0.428210844636419,"RWIR81FL.DTA","Rwanda",2019
"Lactational Amenorrhea",0.00265040335041736,"RWIR81FL.DTA","Rwanda",2019
"Female Condom",0.000560138461468027,"RWIR81FL.DTA","Rwanda",2019
"Emergency Contraception",0.00158309230619009,"RWIR81FL.DTA","Rwanda",2019
"Standard Days Method",0.0198997283792285,"RWIR81FL.DTA","Rwanda",2019
"Pill",0.151518967172741,"RWIR70FL.DTA","Rwanda",2014
"IUD",0.0218826073918465,"RWIR70FL.DTA","Rwanda",2014
"Injections",0.4570252378357,"RWIR70FL.DTA","Rwanda",2014
"Male Condom",0.0708434368765989,"RWIR70FL.DTA","Rwanda",2014
"Female Sterilization",0.0229370796267872,"RWIR70FL.DTA","Rwanda",2014
"Male Sterilization",0.00387629634528754,"RWIR70FL.DTA","Rwanda",2014
"Periodic Abstinence",0.0490246668815318,"RWIR70FL.DTA","Rwanda",2014
"Withdrawal",0.051995543122679,"RWIR70FL.DTA","Rwanda",2014
"Implant",0.153061589022667,"RWIR70FL.DTA","Rwanda",2014
"Lactational Amenorrhea",0.00315817409423901,"RWIR70FL.DTA","Rwanda",2014
"Female Condom",0.000170929929586918,"RWIR70FL.DTA","Rwanda",2014
"Standard Days Method",0.0145054717003341,"RWIR70FL.DTA","Rwanda",2014
"Pill",0.135620870671252,"RWIR61FL.DTA","Rwanda",2010
"IUD",0.00866603213047198,"RWIR61FL.DTA","Rwanda",2010
"Injections",0.509244473418078,"RWIR61FL.DTA","Rwanda",2010
"Diaphragm",0.00023245212689483,"RWIR61FL.DTA","Rwanda",2010
"Male Condom",0.0643930804382157,"RWIR61FL.DTA","Rwanda",2010
"Female Sterilization",0.0161332007233019,"RWIR61FL.DTA","Rwanda",2010
"Male Sterilization",0.00075453688407423,"RWIR61FL.DTA","Rwanda",2010
"Periodic Abstinence",0.0553519082921445,"RWIR61FL.DTA","Rwanda",2010
"Withdrawal",0.0619993249943971,"RWIR61FL.DTA","Rwanda",2010
"Other",0.00100343729011052,"RWIR61FL.DTA","Rwanda",2010
"Implant",0.125497827391846,"RWIR61FL.DTA","Rwanda",2010
"Lactational Amenorrhea",0.00951155898919151,"RWIR61FL.DTA","Rwanda",2010
"Standard Days Method",0.0115912966500216,"RWIR61FL.DTA","Rwanda",2010
"Pill",0.148137272390449,"SNIR8AFL.DTA","Senegal",2019
"IUD",0.0714042055385342,"SNIR8AFL.DTA","Senegal",2019
"Injections",0.295973596160571,"SNIR8AFL.DTA","Senegal",2019
"Male Condom",0.0294243469913666,"SNIR8AFL.DTA","Senegal",2019
"Female Sterilization",0.025561258932836,"SNIR8AFL.DTA","Senegal",2019
"Male Sterilization",0.00170838437309635,"SNIR8AFL.DTA","Senegal",2019
"Periodic Abstinence",0.0190709406054519,"SNIR8AFL.DTA","Senegal",2019
"Withdrawal",0.00370407374515491,"SNIR8AFL.DTA","Senegal",2019
"Other Traditional Method",0.0265574225714664,"SNIR8AFL.DTA","Senegal",2019
"Implant",0.374106707805216,"SNIR8AFL.DTA","Senegal",2019
"Lactational Amenorrhea",0.000774264154041508,"SNIR8AFL.DTA","Senegal",2019
"Emergency Contraception",0.000578973476326082,"SNIR8AFL.DTA","Senegal",2019
"Standard Days Method",0.0029985532554895,"SNIR8AFL.DTA","Senegal",2019
"Pill",0.14119461987245,"SNIR80FL.DTA","Senegal",2018
"IUD",0.0816132273629012,"SNIR80FL.DTA","Senegal",2018
"Injections",0.302594882613073,"SNIR80FL.DTA","Senegal",2018
"Male Condom",0.0470956226885157,"SNIR80FL.DTA","Senegal",2018
"Female Sterilization",0.0154979891354645,"SNIR80FL.DTA","Senegal",2018
"Periodic Abstinence",0.032677582162139,"SNIR80FL.DTA","Senegal",2018
"Withdrawal",0.004656049125682,"SNIR80FL.DTA","Senegal",2018
"Other Traditional Method",0.0256729689373146,"SNIR80FL.DTA","Senegal",2018
"Implant",0.332007950495992,"SNIR80FL.DTA","Senegal",2018
"Lactational Amenorrhea",0.00208053690981426,"SNIR80FL.DTA","Senegal",2018
"Standard Days Method",0.0149085706966539,"SNIR80FL.DTA","Senegal",2018
"Pill",0.148037926627706,"SNIR7ZFL.DTA","Senegal",2017
"IUD",0.0747008681299962,"SNIR7ZFL.DTA","Senegal",2017
"Injections",0.356879989730922,"SNIR7ZFL.DTA","Senegal",2017
"Male Condom",0.0537571305238136,"SNIR7ZFL.DTA","Senegal",2017
"Female Sterilization",0.0123668584519559,"SNIR7ZFL.DTA","Senegal",2017
"Periodic Abstinence",0.0197968560506455,"SNIR7ZFL.DTA","Senegal",2017
"Withdrawal",0.00622568938845955,"SNIR7ZFL.DTA","Senegal",2017
"Other Traditional Method",0.0257687934760971,"SNIR7ZFL.DTA","Senegal",2017
"Implant",0.295577884965013,"SNIR7ZFL.DTA","Senegal",2017
"Lactational Amenorrhea",0.00238471177280018,"SNIR7ZFL.DTA","Senegal",2017
"Female Condom",0.000263275325093876,"SNIR7ZFL.DTA","Senegal",2017
"Emergency Contraception",0.000764664637776735,"SNIR7ZFL.DTA","Senegal",2017
"Other Modern Method",0.000393591487564488,"SNIR7ZFL.DTA","Senegal",2017
"Standard Days Method",0.00308175943215576,"SNIR7ZFL.DTA","Senegal",2017
"Pill",0.173256976260203,"SNIR7QFL.DTA","Senegal",2016
"IUD",0.0652481644523589,"SNIR7QFL.DTA","Senegal",2016
"Injections",0.320352815284705,"SNIR7QFL.DTA","Senegal",2016
"Male Condom",0.0351502007524168,"SNIR7QFL.DTA","Senegal",2016
"Female Sterilization",0.0277805354518698,"SNIR7QFL.DTA","Senegal",2016
"Periodic Abstinence",0.0300564667290089,"SNIR7QFL.DTA","Senegal",2016
"Withdrawal",0.0162080131907176,"SNIR7QFL.DTA","Senegal",2016
"Other",0.0312681566718307,"SNIR7QFL.DTA","Senegal",2016
"Implant",0.290102623368438,"SNIR7QFL.DTA","Senegal",2016
"Lactational Amenorrhea",0.00555049090985082,"SNIR7QFL.DTA","Senegal",2016
"Other Modern Method",0.00279984325524587,"SNIR7QFL.DTA","Senegal",2016
"Standard Days Method",0.00222571367335412,"SNIR7QFL.DTA","Senegal",2016
"Pill",0.201753353334526,"SNIR7HFL.DTA","Senegal",2015
"IUD",0.0455665619139221,"SNIR7HFL.DTA","Senegal",2015
"Injections",0.346147643669184,"SNIR7HFL.DTA","Senegal",2015
"Male Condom",0.0626109599892241,"SNIR7HFL.DTA","Senegal",2015
"Female Sterilization",0.0183483534080854,"SNIR7HFL.DTA","Senegal",2015
"Periodic Abstinence",0.0394193083271489,"SNIR7HFL.DTA","Senegal",2015
"Withdrawal",0.0149209321543447,"SNIR7HFL.DTA","Senegal",2015
"Other",0.0368062838906529,"SNIR7HFL.DTA","Senegal",2015
"Implant",0.227007999036029,"SNIR7HFL.DTA","Senegal",2015
"Lactational Amenorrhea",0.00493692995316772,"SNIR7HFL.DTA","Senegal",2015
"Other Modern Method",0.000785930873410752,"SNIR7HFL.DTA","Senegal",2015
"Standard Days Method",0.00169574345030416,"SNIR7HFL.DTA","Senegal",2015
"Pill",0.224024370842857,"SNIR70FL.DTA","Senegal",2014
"IUD",0.0382582180731779,"SNIR70FL.DTA","Senegal",2014
"Injections",0.355012396192819,"SNIR70FL.DTA","Senegal",2014
"Male Condom",0.0578099635203883,"SNIR70FL.DTA","Senegal",2014
"Female Sterilization",0.0188709315938103,"SNIR70FL.DTA","Senegal",2014
"Periodic Abstinence",0.0390933395418179,"SNIR70FL.DTA","Senegal",2014
"Withdrawal",0.0117267900503406,"SNIR70FL.DTA","Senegal",2014
"Other",0.0293101461877752,"SNIR70FL.DTA","Senegal",2014
"Implant",0.218407281719565,"SNIR70FL.DTA","Senegal",2014
"Lactational Amenorrhea",0.00421486335574196,"SNIR70FL.DTA","Senegal",2014
"Other Modern Method",0.00121380543295673,"SNIR70FL.DTA","Senegal",2014
"Standard Days Method",0.00205789348874965,"SNIR70FL.DTA","Senegal",2014
"Pill",0.268589967807124,"SNIR6DFL.DTA","Senegal",2012
"IUD",0.0494954544132832,"SNIR6DFL.DTA","Senegal",2012
"Injections",0.344230213106162,"SNIR6DFL.DTA","Senegal",2012
"Male Condom",0.051276240327395,"SNIR6DFL.DTA","Senegal",2012
"Female Sterilization",0.0222527601906649,"SNIR6DFL.DTA","Senegal",2012
"Periodic Abstinence",0.0309379439782883,"SNIR6DFL.DTA","Senegal",2012
"Withdrawal",0.00931826530620809,"SNIR6DFL.DTA","Senegal",2012
"Other",0.056943742950417,"SNIR6DFL.DTA","Senegal",2012
"Implant",0.15490989081807,"SNIR6DFL.DTA","Senegal",2012
"Lactational Amenorrhea",0.00584741232206087,"SNIR6DFL.DTA","Senegal",2012
"Other Modern Method",0.00510684907401573,"SNIR6DFL.DTA","Senegal",2012
"Standard Days Method",0.0010912597063098,"SNIR6DFL.DTA","Senegal",2012
"Pill",0.303555612476655,"SNIR61FL.DTA","Senegal",2010
"IUD",0.0438837853141086,"SNIR61FL.DTA","Senegal",2010
"Injections",0.384596321431913,"SNIR61FL.DTA","Senegal",2010
"Male Condom",0.0677075994539042,"SNIR61FL.DTA","Senegal",2010
"Female Sterilization",0.0160952644700221,"SNIR61FL.DTA","Senegal",2010
"Male Sterilization",0.000308795455423139,"SNIR61FL.DTA","Senegal",2010
"Periodic Abstinence",0.0254237095224783,"SNIR61FL.DTA","Senegal",2010
"Withdrawal",0.0156101797241819,"SNIR61FL.DTA","Senegal",2010
"Other",0.0351775210976067,"SNIR61FL.DTA","Senegal",2010
"Implant",0.0934345152805335,"SNIR61FL.DTA","Senegal",2010
"Lactational Amenorrhea",0.0117103097009684,"SNIR61FL.DTA","Senegal",2010
"Female Condom",0.000121260715527201,"SNIR61FL.DTA","Senegal",2010
"Other Modern Method",0.00237512535667853,"SNIR61FL.DTA","Senegal",2010
"Pill",0.181234972803868,"SLIR7AFL.DTA","Sierra Leone",2019
"IUD",0.0184900487549356,"SLIR7AFL.DTA","Sierra Leone",2019
"Injections",0.41445356008322,"SLIR7AFL.DTA","Sierra Leone",2019
"Male Condom",0.0109934761688778,"SLIR7AFL.DTA","Sierra Leone",2019
"Female Sterilization",0.00703128939490158,"SLIR7AFL.DTA","Sierra Leone",2019
"Male Sterilization",0.00075018009478671,"SLIR7AFL.DTA","Sierra Leone",2019
"Periodic Abstinence",0.00261090408359073,"SLIR7AFL.DTA","Sierra Leone",2019
"Withdrawal",0.00331085449342166,"SLIR7AFL.DTA","Sierra Leone",2019
"Other Traditional Method",0.00809020794541627,"SLIR7AFL.DTA","Sierra Leone",2019
"Implant",0.338925834143118,"SLIR7AFL.DTA","Sierra Leone",2019
"Lactational Amenorrhea",0.00588780663627977,"SLIR7AFL.DTA","Sierra Leone",2019
"Female Condom",0.000268109314095532,"SLIR7AFL.DTA","Sierra Leone",2019
"Emergency Contraception",0.0058377978754731,"SLIR7AFL.DTA","Sierra Leone",2019
"Standard Days Method",0.00211495820801551,"SLIR7AFL.DTA","Sierra Leone",2019
"Pill",0.233239296258755,"SLIR61FL.DTA","Sierra Leone",2013
"IUD",0.0105965330830547,"SLIR61FL.DTA","Sierra Leone",2013
"Injections",0.443863329884795,"SLIR61FL.DTA","Sierra Leone",2013
"Diaphragm",0.000900326715829309,"SLIR61FL.DTA","Sierra Leone",2013
"Male Condom",0.0312926947058653,"SLIR61FL.DTA","Sierra Leone",2013
"Female Sterilization",0.0151506713090244,"SLIR61FL.DTA","Sierra Leone",2013
"Male Sterilization",0.00054681292604945,"SLIR61FL.DTA","Sierra Leone",2013
"Periodic Abstinence",0.00689891420673253,"SLIR61FL.DTA","Sierra Leone",2013
"Withdrawal",0.00881332344513498,"SLIR61FL.DTA","Sierra Leone",2013
"Other",0.0382499719497399,"SLIR61FL.DTA","Sierra Leone",2013
"Implant",0.172410115066587,"SLIR61FL.DTA","Sierra Leone",2013
"Lactational Amenorrhea",0.0317465371698926,"SLIR61FL.DTA","Sierra Leone",2013
"Female Condom",0.000122718289843983,"SLIR61FL.DTA","Sierra Leone",2013
"Other Modern Method",0.00616875498869626,"SLIR61FL.DTA","Sierra Leone",2013
"Pill",0.103063585574925,"ZAIR71FL.DTA","South Africa",2016
"IUD",0.0184130249896031,"ZAIR71FL.DTA","South Africa",2016
"Injections",0.329578447865284,"ZAIR71FL.DTA","South Africa",2016
"Male Condom",0.242334390881937,"ZAIR71FL.DTA","South Africa",2016
"Female Sterilization",0.0824047731573444,"ZAIR71FL.DTA","South Africa",2016
"Male Sterilization",0.00477278104148471,"ZAIR71FL.DTA","South Africa",2016
"Periodic Abstinence",0.00131836903101246,"ZAIR71FL.DTA","South Africa",2016
"Withdrawal",0.00444060981114326,"ZAIR71FL.DTA","South Africa",2016
"Implant",0.0674821126195521,"ZAIR71FL.DTA","South Africa",2016
"Female Condom",0.0042394204362551,"ZAIR71FL.DTA","South Africa",2016
"Emergency Contraception",0.000896102667112595,"ZAIR71FL.DTA","South Africa",2016
"Other Modern Method",0.000966920690958365,"ZAIR71FL.DTA","South Africa",2016
"Injections 2 Month",0.140089461233389,"ZAIR71FL.DTA","South Africa",2016
"Pill",0.0654296866681562,"TJIR71FL.DTA","Tajikistan",2017
"IUD",0.622493954853199,"TJIR71FL.DTA","Tajikistan",2017
"Injections",0.0429554694870314,"TJIR71FL.DTA","Tajikistan",2017
"Male Condom",0.132193477388845,"TJIR71FL.DTA","Tajikistan",2017
"Female Sterilization",0.0279340014001972,"TJIR71FL.DTA","Tajikistan",2017
"Periodic Abstinence",0.000744741390145907,"TJIR71FL.DTA","Tajikistan",2017
"Withdrawal",0.0724173893150887,"TJIR71FL.DTA","Tajikistan",2017
"Implant",0.00400922608726874,"TJIR71FL.DTA","Tajikistan",2017
"Lactational Amenorrhea",0.0307792344108356,"TJIR71FL.DTA","Tajikistan",2017
"Female Condom",0.000420152569899465,"TJIR71FL.DTA","Tajikistan",2017
"Other Modern Method",0.000622666429333546,"TJIR71FL.DTA","Tajikistan",2017
"Pill",0.0817766514554206,"TJIR61FL.DTA","Tajikistan",2012
"IUD",0.663500787572525,"TJIR61FL.DTA","Tajikistan",2012
"Injections",0.0707913166407242,"TJIR61FL.DTA","Tajikistan",2012
"Male Condom",0.0806384102994072,"TJIR61FL.DTA","Tajikistan",2012
"Female Sterilization",0.0221192522928297,"TJIR61FL.DTA","Tajikistan",2012
"Periodic Abstinence",0.00456075674971222,"TJIR61FL.DTA","Tajikistan",2012
"Withdrawal",0.0683776893066021,"TJIR61FL.DTA","Tajikistan",2012
"Other",0.00146654052161251,"TJIR61FL.DTA","Tajikistan",2012
"Implant",0.00167860023453795,"TJIR61FL.DTA","Tajikistan",2012
"Lactational Amenorrhea",0.00338987936618802,"TJIR61FL.DTA","Tajikistan",2012
"Foam Or Jelly",0.000319938311922781,"TJIR61FL.DTA","Tajikistan",2012
"Other Modern Method",0.00138017724851737,"TJIR61FL.DTA","Tajikistan",2012
"Pill",0.12754909912611,"TZIR7BFL.DTA","Tanzania",2015
"IUD",0.0210534046012747,"TZIR7BFL.DTA","Tanzania",2015
"Injections",0.305829181344501,"TZIR7BFL.DTA","Tanzania",2015
"Male Condom",0.120050424992491,"TZIR7BFL.DTA","Tanzania",2015
"Female Sterilization",0.0785261897309746,"TZIR7BFL.DTA","Tanzania",2015
"Male Sterilization",0.00112976965087537,"TZIR7BFL.DTA","Tanzania",2015
"Periodic Abstinence",0.107833801046508,"TZIR7BFL.DTA","Tanzania",2015
"Withdrawal",0.0424890677876725,"TZIR7BFL.DTA","Tanzania",2015
"Other Traditional Method",0.0131211468825353,"TZIR7BFL.DTA","Tanzania",2015
"Implant",0.171416987640012,"TZIR7BFL.DTA","Tanzania",2015
"Lactational Amenorrhea",0.00931522301446082,"TZIR7BFL.DTA","Tanzania",2015
"Female Condom",0.000324001400282737,"TZIR7BFL.DTA","Tanzania",2015
"Emergency Contraception",0.000854789032713361,"TZIR7BFL.DTA","Tanzania",2015
"Other Modern Method",0.000261389685432065,"TZIR7BFL.DTA","Tanzania",2015
"Standard Days Method",0.000245524064156017,"TZIR7BFL.DTA","Tanzania",2015
"Pill",0.0842744273832389,"TLIR71FL.DTA","Timor-Leste",2016
"IUD",0.0777489688254582,"TLIR71FL.DTA","Timor-Leste",2016
"Injections",0.445647580513285,"TLIR71FL.DTA","Timor-Leste",2016
"Male Condom",0.00324017010603919,"TLIR71FL.DTA","Timor-Leste",2016
"Female Sterilization",0.0534897278154538,"TLIR71FL.DTA","Timor-Leste",2016
"Periodic Abstinence",0.0185182004014968,"TLIR71FL.DTA","Timor-Leste",2016
"Withdrawal",0.0554187210012023,"TLIR71FL.DTA","Timor-Leste",2016
"Other Traditional Method",0.00392624117761636,"TLIR71FL.DTA","Timor-Leste",2016
"Implant",0.235181020896961,"TLIR71FL.DTA","Timor-Leste",2016
"Lactational Amenorrhea",0.00743911333345015,"TLIR71FL.DTA","Timor-Leste",2016
"Emergency Contraception",0.000741886899234041,"TLIR71FL.DTA","Timor-Leste",2016
"Standard Days Method",0.0107686422190374,"TLIR71FL.DTA","Timor-Leste",2016
"Billings Method",0.00360529942752702,"TLIR71FL.DTA","Timor-Leste",2016
"Pill",0.100738382340393,"TGIR61FL.DTA","Togo",2013
"IUD",0.0296762617320598,"TGIR61FL.DTA","Togo",2013
"Injections",0.266290226276551,"TGIR61FL.DTA","Togo",2013
"Diaphragm",0.00111070265750603,"TGIR61FL.DTA","Togo",2013
"Male Condom",0.280489365775749,"TGIR61FL.DTA","Togo",2013
"Female Sterilization",0.0093634369319518,"TGIR61FL.DTA","Togo",2013
"Periodic Abstinence",0.116846741637586,"TGIR61FL.DTA","Togo",2013
"Withdrawal",0.0116263708144788,"TGIR61FL.DTA","Togo",2013
"Other",0.00541116759882534,"TGIR61FL.DTA","Togo",2013
"Implant",0.175700597546851,"TGIR61FL.DTA","Togo",2013
"Female Condom",0.000706220882972752,"TGIR61FL.DTA","Togo",2013
"Other Modern Method",0.00204052580507569,"TGIR61FL.DTA","Togo",2013
"Pill",0.0632886048560769,"TRIR61FL.DTA","Turkey",2013
"IUD",0.2319190073031,"TRIR61FL.DTA","Turkey",2013
"Injections",0.00774845229965486,"TRIR61FL.DTA","Turkey",2013
"Diaphragm/Foam/Jelly",0.00116311745510796,"TRIR61FL.DTA","Turkey",2013
"Male Condom",0.214519255840899,"TRIR61FL.DTA","Turkey",2013
"Female Sterilization",0.130028493064459,"TRIR61FL.DTA","Turkey",2013
"Male Sterilization",0.000424290940800139,"TRIR61FL.DTA","Turkey",2013
"Periodic Abstinence",0.00496904232657715,"TRIR61FL.DTA","Turkey",2013
"Withdrawal",0.342735529536091,"TRIR61FL.DTA","Turkey",2013
"Other",0.00164641168923942,"TRIR61FL.DTA","Turkey",2013
"Implant",0.000456485672270876,"TRIR61FL.DTA","Turkey",2013
"Lactational Amenorrhea",0.00110130901572464,"TRIR61FL.DTA","Turkey",2013
"Pill",0.0503116471986615,"UGIR7BFL.DTA","Uganda",2016
"IUD",0.0370781597901668,"UGIR7BFL.DTA","Uganda",2016
"Injections",0.459546659781281,"UGIR7BFL.DTA","Uganda",2016
"Male Condom",0.103215114852255,"UGIR7BFL.DTA","Uganda",2016
"Female Sterilization",0.0609315963727483,"UGIR7BFL.DTA","Uganda",2016
"Male Sterilization",0.00165661339422843,"UGIR7BFL.DTA","Uganda",2016
"Periodic Abstinence",0.0291558018772666,"UGIR7BFL.DTA","Uganda",2016
"Withdrawal",0.0611738545536518,"UGIR7BFL.DTA","Uganda",2016
"Other Traditional Method",0.00809756962656624,"UGIR7BFL.DTA","Uganda",2016
"Implant",0.156012463209644,"UGIR7BFL.DTA","Uganda",2016
"Lactational Amenorrhea",0.0204785436760919,"UGIR7BFL.DTA","Uganda",2016
"Female Condom",0.00026127587737905,"UGIR7BFL.DTA","Uganda",2016
"Emergency Contraception",0.00248715635421349,"UGIR7BFL.DTA","Uganda",2016
"Other Modern Method",0.000211855467699844,"UGIR7BFL.DTA","Uganda",2016
"Standard Days Method",0.00938168796814556,"UGIR7BFL.DTA","Uganda",2016
"Pill",0.0909279846941146,"UGIR60FL.DTA","Uganda",2011
"IUD",0.0150425415176261,"UGIR60FL.DTA","Uganda",2011
"Injections",0.453248087798851,"UGIR60FL.DTA","Uganda",2011
"Male Condom",0.136529135906978,"UGIR60FL.DTA","Uganda",2011
"Female Sterilization",0.0918740010445236,"UGIR60FL.DTA","Uganda",2011
"Male Sterilization",0.00225524483100197,"UGIR60FL.DTA","Uganda",2011
"Periodic Abstinence",0.0447590723954467,"UGIR60FL.DTA","Uganda",2011
"Withdrawal",0.0642332816888333,"UGIR60FL.DTA","Uganda",2011
"Other",0.0157406274738434,"UGIR60FL.DTA","Uganda",2011
"Implant",0.0801407490252193,"UGIR60FL.DTA","Uganda",2011
"Lactational Amenorrhea",0.00524927362356223,"UGIR60FL.DTA","Uganda",2011
"Pill",0.138769014131869,"ZMIR71FL.DTA","Zambia",2018
"IUD",0.0138212949187648,"ZMIR71FL.DTA","Zambia",2018
"Injections",0.509243676922377,"ZMIR71FL.DTA","Zambia",2018
"Male Condom",0.0834516595029992,"ZMIR71FL.DTA","Zambia",2018
"Female Sterilization",0.0260653339167265,"ZMIR71FL.DTA","Zambia",2018
"Male Sterilization",0.000300959539336164,"ZMIR71FL.DTA","Zambia",2018
"Periodic Abstinence",0.0049414172469233,"ZMIR71FL.DTA","Zambia",2018
"Withdrawal",0.0285516710479839,"ZMIR71FL.DTA","Zambia",2018
"Other Traditional Method",0.00250273685594479,"ZMIR71FL.DTA","Zambia",2018
"Implant",0.171482900381724,"ZMIR71FL.DTA","Zambia",2018
"Lactational Amenorrhea",0.0125202654545239,"ZMIR71FL.DTA","Zambia",2018
"Female Condom",0.0000906126118934193,"ZMIR71FL.DTA","Zambia",2018
"Emergency Contraception",0.00197635838916487,"ZMIR71FL.DTA","Zambia",2018
"Other Modern Method",0.000638436983768372,"ZMIR71FL.DTA","Zambia",2018
"Standard Days Method",0.00564366209600071,"ZMIR71FL.DTA","Zambia",2018
"Pill",0.227041202613499,"ZMIR61FL.DTA","Zambia",2013
"IUD",0.0251454711283676,"ZMIR61FL.DTA","Zambia",2013
"Injections",0.392411216754973,"ZMIR61FL.DTA","Zambia",2013
"Male Condom",0.100656520308939,"ZMIR61FL.DTA","Zambia",2013
"Female Sterilization",0.0376839081785565,"ZMIR61FL.DTA","Zambia",2013
"Male Sterilization",0.000804323811333142,"ZMIR61FL.DTA","Zambia",2013
"Periodic Abstinence",0.0113657224151398,"ZMIR61FL.DTA","Zambia",2013
"Withdrawal",0.0560187431191845,"ZMIR61FL.DTA","Zambia",2013
"Other",0.00924219986137564,"ZMIR61FL.DTA","Zambia",2013
"Implant",0.118308501014607,"ZMIR61FL.DTA","Zambia",2013
"Lactational Amenorrhea",0.0150481520393892,"ZMIR61FL.DTA","Zambia",2013
"Female Condom",0.00159884036883523,"ZMIR61FL.DTA","Zambia",2013
"Other Modern Method",0.00228011976314472,"ZMIR61FL.DTA","Zambia",2013
"Standard Days Method",0.00239507862265551,"ZMIR61FL.DTA","Zambia",2013
"Pill",0.556494805677278,"ZWIR71FL.DTA","Zimbabwe",2015
"IUD",0.00890685046949,"ZWIR71FL.DTA","Zimbabwe",2015
"Injections",0.148825568575885,"ZWIR71FL.DTA","Zimbabwe",2015
"Male Condom",0.0858740676463994,"ZWIR71FL.DTA","Zimbabwe",2015
"Female Sterilization",0.0115180204938207,"ZWIR71FL.DTA","Zimbabwe",2015
"Male Sterilization",0.000431049422780005,"ZWIR71FL.DTA","Zimbabwe",2015
"Periodic Abstinence",0.00153031139130527,"ZWIR71FL.DTA","Zimbabwe",2015
"Withdrawal",0.012036781089962,"ZWIR71FL.DTA","Zimbabwe",2015
"Other Traditional Method",0.000411108924445832,"ZWIR71FL.DTA","Zimbabwe",2015
"Implant",0.166299672177744,"ZWIR71FL.DTA","Zimbabwe",2015
"Lactational Amenorrhea",0.00441502502448131,"ZWIR71FL.DTA","Zimbabwe",2015
"Female Condom",0.00234052075035102,"ZWIR71FL.DTA","Zimbabwe",2015
"Emergency Contraception",0.000916218356056923,"ZWIR71FL.DTA","Zimbabwe",2015
"Pill",0.661003024526169,"ZWIR62FL.DTA","Zimbabwe",2010
"IUD",0.00371718510794773,"ZWIR62FL.DTA","Zimbabwe",2010
"Injections",0.147442997591853,"ZWIR62FL.DTA","Zimbabwe",2010
"Diaphragm",0.000311751020987377,"ZWIR62FL.DTA","Zimbabwe",2010
"Male Condom",0.0835108161578975,"ZWIR62FL.DTA","Zimbabwe",2010
"Female Sterilization",0.02126047593871,"ZWIR62FL.DTA","Zimbabwe",2010
"Periodic Abstinence",0.00142202363134998,"ZWIR62FL.DTA","Zimbabwe",2010
"Withdrawal",0.0154969160820921,"ZWIR62FL.DTA","Zimbabwe",2010
"Other",0.00267885250385261,"ZWIR62FL.DTA","Zimbabwe",2010
"Implant",0.0531893719840592,"ZWIR62FL.DTA","Zimbabwe",2010
"Lactational Amenorrhea",0.00311368594074473,"ZWIR62FL.DTA","Zimbabwe",2010
"Female Condom",0.00685289951433655,"ZWIR62FL.DTA","Zimbabwe",2010
