"Group","Decider","Freq","SurveyName","Country","StartYear"
"Current User","Mainly Respondent",0.167134950872678,"AFIR70FL.DTA","Afghanistan",2015
"Current User","Mainly Husband, Partner",0.113561435951093,"AFIR70FL.DTA","Afghanistan",2015
"Current User","Joint Decision",0.707941821057108,"AFIR70FL.DTA","Afghanistan",2015
"Current User","Other",0.0113617921191207,"AFIR70FL.DTA","Afghanistan",2015
"Current User","Mainly Respondent",0.248611287785398,"AOIR71FL.DTA","Angola",2015
"Current User","Mainly Husband, Partner",0.0970164761829184,"AOIR71FL.DTA","Angola",2015
"Current User","Joint Decision",0.65269115595189,"AOIR71FL.DTA","Angola",2015
"Current User","Other",0.00168108007979398,"AOIR71FL.DTA","Angola",2015
"Never User","Mainly Respondent",0.230634437934576,"AOIR71FL.DTA","Angola",2015
"Never User","Mainly Husband, Partner",0.265747943090922,"AOIR71FL.DTA","Angola",2015
"Never User","Joint Decision",0.451976869554275,"AOIR71FL.DTA","Angola",2015
"Never User","Other",0.0516407494202275,"AOIR71FL.DTA","Angola",2015
"Former User","Mainly Respondent",0.420909956329564,"AOIR71FL.DTA","Angola",2015
"Former User","Mainly Husband, Partner",0.118482085429414,"AOIR71FL.DTA","Angola",2015
"Former User","Joint Decision",0.441884387912541,"AOIR71FL.DTA","Angola",2015
"Former User","Other",0.0187235703284807,"AOIR71FL.DTA","Angola",2015
"Current User","Mainly Respondent",0.159537011133038,"AMIR71FL.DTA","Armenia",2015
"Current User","Mainly Husband, Partner",0.110998354805781,"AMIR71FL.DTA","Armenia",2015
"Current User","Joint Decision",0.728437948862363,"AMIR71FL.DTA","Armenia",2015
"Current User","Other",0.00102668519881855,"AMIR71FL.DTA","Armenia",2015
"Never User","Mainly Respondent",0.164316555966732,"AMIR71FL.DTA","Armenia",2015
"Never User","Mainly Husband, Partner",0.0402196313180625,"AMIR71FL.DTA","Armenia",2015
"Never User","Joint Decision",0.636404875606707,"AMIR71FL.DTA","Armenia",2015
"Never User","Other",0.159058937108498,"AMIR71FL.DTA","Armenia",2015
"Former User","Mainly Respondent",0.251167987866803,"AMIR71FL.DTA","Armenia",2015
"Former User","Mainly Husband, Partner",0.0110921879696429,"AMIR71FL.DTA","Armenia",2015
"Former User","Joint Decision",0.40713793181177,"AMIR71FL.DTA","Armenia",2015
"Former User","Other",0.330601892351783,"AMIR71FL.DTA","Armenia",2015
"Current User","Mainly Respondent",0.120888175363199,"AMIR61FL.DTA","Armenia",2010
"Current User","Mainly Husband, Partner",0.168665822764449,"AMIR61FL.DTA","Armenia",2010
"Current User","Joint Decision",0.703897620259515,"AMIR61FL.DTA","Armenia",2010
"Current User","Other",0.00270604034807573,"AMIR61FL.DTA","Armenia",2010
"Current User","Missing",0.00384234126476142,"AMIR61FL.DTA","Armenia",2010
"Current User","Mainly Respondent",0.155330514569835,"BDIR7RFL.DTA","Bangladesh",2017
"Current User","Mainly Husband, Partner",0.0675710725710878,"BDIR7RFL.DTA","Bangladesh",2017
"Current User","Joint Decision",0.775575313545909,"BDIR7RFL.DTA","Bangladesh",2017
"Current User","Other",0.00152309931316834,"BDIR7RFL.DTA","Bangladesh",2017
"Never User","Mainly Respondent",0.244693586413043,"BDIR7RFL.DTA","Bangladesh",2017
"Never User","Mainly Husband, Partner",0.0611399147900932,"BDIR7RFL.DTA","Bangladesh",2017
"Never User","Joint Decision",0.678448471327397,"BDIR7RFL.DTA","Bangladesh",2017
"Never User","Other",0.0157180274694668,"BDIR7RFL.DTA","Bangladesh",2017
"Former User","Mainly Respondent",0.335321363921017,"BDIR7RFL.DTA","Bangladesh",2017
"Former User","Mainly Husband, Partner",0.0447629411207241,"BDIR7RFL.DTA","Bangladesh",2017
"Former User","Joint Decision",0.615303551829733,"BDIR7RFL.DTA","Bangladesh",2017
"Former User","Other",0.00461214312852617,"BDIR7RFL.DTA","Bangladesh",2017
"Current User","Mainly Respondent",0.144697666592541,"BDIR72FL.DTA","Bangladesh",2014
"Current User","Mainly Husband, Partner",0.0888190034939444,"BDIR72FL.DTA","Bangladesh",2014
"Current User","Joint Decision",0.765854243720132,"BDIR72FL.DTA","Bangladesh",2014
"Current User","Other",0.000629086193382246,"BDIR72FL.DTA","Bangladesh",2014
"Current User","Mainly Respondent",0.112845224299984,"BDIR61FL.DTA","Bangladesh",2011
"Current User","Mainly Husband, Partner",0.0685257946819949,"BDIR61FL.DTA","Bangladesh",2011
"Current User","Joint Decision",0.81395755217626,"BDIR61FL.DTA","Bangladesh",2011
"Current User","Other",0.000786858484646436,"BDIR61FL.DTA","Bangladesh",2011
"Current User","Missing",0.0038845703571148,"BDIR61FL.DTA","Bangladesh",2011
"Current User","Mainly Respondent",0.463424506317607,"BJIR71FL.DTA","Benin",2017
"Current User","Mainly Husband, Partner",0.108868045030851,"BJIR71FL.DTA","Benin",2017
"Current User","Joint Decision",0.424757727090771,"BJIR71FL.DTA","Benin",2017
"Current User","Other",0.00294972156077061,"BJIR71FL.DTA","Benin",2017
"Never User","Mainly Respondent",0.610428404810142,"BJIR71FL.DTA","Benin",2017
"Never User","Mainly Husband, Partner",0.146114219980086,"BJIR71FL.DTA","Benin",2017
"Never User","Joint Decision",0.19326928763889,"BJIR71FL.DTA","Benin",2017
"Never User","Other",0.050188087570882,"BJIR71FL.DTA","Benin",2017
"Former User","Mainly Respondent",0.552553535230442,"BJIR71FL.DTA","Benin",2017
"Former User","Mainly Husband, Partner",0.172790189617339,"BJIR71FL.DTA","Benin",2017
"Former User","Joint Decision",0.201753679211048,"BJIR71FL.DTA","Benin",2017
"Former User","Other",0.0729025959411714,"BJIR71FL.DTA","Benin",2017
"Current User","Mainly Respondent",0.377141564302858,"BJIR61FL.DTA","Benin",2011
"Current User","Mainly Husband, Partner",0.188985826285069,"BJIR61FL.DTA","Benin",2011
"Current User","Joint Decision",0.42927953418118,"BJIR61FL.DTA","Benin",2011
"Current User","Other",0.004593075230893,"BJIR61FL.DTA","Benin",2011
"Current User","Mainly Respondent",0.235774888804788,"BFIR62FL.DTA","Burkina Faso",2010
"Current User","Mainly Husband, Partner",0.0829119604736307,"BFIR62FL.DTA","Burkina Faso",2010
"Current User","Joint Decision",0.666377505094954,"BFIR62FL.DTA","Burkina Faso",2010
"Current User","Other",0.00579797740434848,"BFIR62FL.DTA","Burkina Faso",2010
"Current User","Missing",0.00913766822227878,"BFIR62FL.DTA","Burkina Faso",2010
"Current User","Mainly Respondent",0.117069050677243,"BUIR70FL.DTA","Burundi",2016
"Current User","Mainly Husband, Partner",0.0610634533995166,"BUIR70FL.DTA","Burundi",2016
"Current User","Joint Decision",0.819084492562302,"BUIR70FL.DTA","Burundi",2016
"Current User","Other",0.00278300336093817,"BUIR70FL.DTA","Burundi",2016
"Never User","Mainly Respondent",0.272390720716189,"BUIR70FL.DTA","Burundi",2016
"Never User","Mainly Husband, Partner",0.0730369583683905,"BUIR70FL.DTA","Burundi",2016
"Never User","Joint Decision",0.56665322182642,"BUIR70FL.DTA","Burundi",2016
"Never User","Other",0.0879190990890008,"BUIR70FL.DTA","Burundi",2016
"Former User","Mainly Respondent",0.285830257195711,"BUIR70FL.DTA","Burundi",2016
"Former User","Mainly Husband, Partner",0.0740646595000431,"BUIR70FL.DTA","Burundi",2016
"Former User","Joint Decision",0.613629519404926,"BUIR70FL.DTA","Burundi",2016
"Former User","Other",0.0264755638993209,"BUIR70FL.DTA","Burundi",2016
"Current User","Mainly Respondent",0.0761922874380608,"BUIR61FL.DTA","Burundi",2010
"Current User","Mainly Husband, Partner",0.0722286112229413,"BUIR61FL.DTA","Burundi",2010
"Current User","Joint Decision",0.842785852501238,"BUIR61FL.DTA","Burundi",2010
"Current User","Missing",0.00879324883775974,"BUIR61FL.DTA","Burundi",2010
"Current User","Mainly Respondent",0.219120795769356,"KHIR73FL.DTA","Cambodia",2014
"Current User","Mainly Husband, Partner",0.109765317161157,"KHIR73FL.DTA","Cambodia",2014
"Current User","Joint Decision",0.670051083169036,"KHIR73FL.DTA","Cambodia",2014
"Current User","Other",0.0010628039004502,"KHIR73FL.DTA","Cambodia",2014
"Current User","Mainly Respondent",0.283687548645402,"CMIR61FL.DTA","Cameroon",2011
"Current User","Mainly Husband, Partner",0.0998272875922151,"CMIR61FL.DTA","Cameroon",2011
"Current User","Joint Decision",0.61137110411089,"CMIR61FL.DTA","Cameroon",2011
"Current User","Other",0.00511405965149297,"CMIR61FL.DTA","Cameroon",2011
"Current User","Mainly Respondent",0.183702786936239,"TDIR71FL.DTA","Chad",2014
"Current User","Mainly Husband, Partner",0.171595102387908,"TDIR71FL.DTA","Chad",2014
"Current User","Joint Decision",0.633376172524567,"TDIR71FL.DTA","Chad",2014
"Current User","Other",0.0113259381512858,"TDIR71FL.DTA","Chad",2014
"Current User","Mainly Respondent",0.334632535991263,"KMIR61FL.DTA","Comoros",2012
"Current User","Mainly Husband, Partner",0.267152405907514,"KMIR61FL.DTA","Comoros",2012
"Current User","Joint Decision",0.364968916760625,"KMIR61FL.DTA","Comoros",2012
"Current User","Other",0.0147630188149895,"KMIR61FL.DTA","Comoros",2012
"Current User","Missing",0.0184831225256088,"KMIR61FL.DTA","Comoros",2012
"Current User","Mainly Respondent",0.295240130612695,"CGIR60FL.DTA","Congo",2011
"Current User","Mainly Husband, Partner",0.123971713397448,"CGIR60FL.DTA","Congo",2011
"Current User","Joint Decision",0.570583054175476,"CGIR60FL.DTA","Congo",2011
"Current User","Other",0.00233744870994812,"CGIR60FL.DTA","Congo",2011
"Current User","Missing",0.0078676531044335,"CGIR60FL.DTA","Congo",2011
"Current User","Mainly Respondent",0.2252264160452,"EGIR61FL.DTA","Egypt",2014
"Current User","Mainly Husband, Partner",0.0222807050718695,"EGIR61FL.DTA","Egypt",2014
"Current User","Joint Decision",0.75048265082479,"EGIR61FL.DTA","Egypt",2014
"Current User","Other",0.00201022805813981,"EGIR61FL.DTA","Egypt",2014
"Current User","Mainly Respondent",0.216026919513339,"ETIR70FL.DTA","Ethiopia",2016
"Current User","Mainly Husband, Partner",0.0541028683318846,"ETIR70FL.DTA","Ethiopia",2016
"Current User","Joint Decision",0.72817581100173,"ETIR70FL.DTA","Ethiopia",2016
"Current User","Other",0.00169440115304654,"ETIR70FL.DTA","Ethiopia",2016
"Never User","Mainly Respondent",0.276272582596464,"ETIR70FL.DTA","Ethiopia",2016
"Never User","Mainly Husband, Partner",0.118117611697968,"ETIR70FL.DTA","Ethiopia",2016
"Never User","Joint Decision",0.584718911892421,"ETIR70FL.DTA","Ethiopia",2016
"Never User","Other",0.0208908938131463,"ETIR70FL.DTA","Ethiopia",2016
"Former User","Mainly Respondent",0.352565923494814,"ETIR70FL.DTA","Ethiopia",2016
"Former User","Mainly Husband, Partner",0.0754079147990057,"ETIR70FL.DTA","Ethiopia",2016
"Former User","Joint Decision",0.562342018656102,"ETIR70FL.DTA","Ethiopia",2016
"Former User","Other",0.00968414305007801,"ETIR70FL.DTA","Ethiopia",2016
"Current User","Mainly Respondent",0.170842792688298,"ETIR61FL.DTA","Ethiopia",2011
"Current User","Mainly Husband, Partner",0.0358114823566746,"ETIR61FL.DTA","Ethiopia",2011
"Current User","Joint Decision",0.782244725423875,"ETIR61FL.DTA","Ethiopia",2011
"Current User","Missing",0.0111009995311522,"ETIR61FL.DTA","Ethiopia",2011
"Current User","Mainly Respondent",0.334057915059361,"GAIR60FL.DTA","Gabon",2012
"Current User","Mainly Husband, Partner",0.0764704980641171,"GAIR60FL.DTA","Gabon",2012
"Current User","Joint Decision",0.538522278969247,"GAIR60FL.DTA","Gabon",2012
"Current User","Other",0.0183270276492178,"GAIR60FL.DTA","Gabon",2012
"Current User","Missing",0.0326222802580568,"GAIR60FL.DTA","Gabon",2012
"Current User","Mainly Respondent",0.327039831655023,"GMIR81FL.DTA","Gambia",2019
"Current User","Mainly Husband, Partner",0.138208584652948,"GMIR81FL.DTA","Gambia",2019
"Current User","Joint Decision",0.530588704697342,"GMIR81FL.DTA","Gambia",2019
"Current User","Other",0.00416287899468682,"GMIR81FL.DTA","Gambia",2019
"Never User","Mainly Respondent",0.662472939011031,"GMIR81FL.DTA","Gambia",2019
"Never User","Mainly Husband, Partner",0.108903993928281,"GMIR81FL.DTA","Gambia",2019
"Never User","Joint Decision",0.201630977208019,"GMIR81FL.DTA","Gambia",2019
"Never User","Other",0.0269920898526694,"GMIR81FL.DTA","Gambia",2019
"Former User","Mainly Respondent",0.668112700747974,"GMIR81FL.DTA","Gambia",2019
"Former User","Mainly Husband, Partner",0.0921986551988096,"GMIR81FL.DTA","Gambia",2019
"Former User","Joint Decision",0.222404783675723,"GMIR81FL.DTA","Gambia",2019
"Former User","Other",0.0172838603774932,"GMIR81FL.DTA","Gambia",2019
"Current User","Mainly Respondent",0.331160397622874,"GMIR60FL.DTA","Gambia",2013
"Current User","Mainly Husband, Partner",0.148506232276671,"GMIR60FL.DTA","Gambia",2013
"Current User","Joint Decision",0.458265200960746,"GMIR60FL.DTA","Gambia",2013
"Current User","Missing",0.0620681691397084,"GMIR60FL.DTA","Gambia",2013
"Current User","Mainly Respondent",0.271355586846482,"GHIR72FL.DTA","Ghana",2014
"Current User","Mainly Husband, Partner",0.0956609700815815,"GHIR72FL.DTA","Ghana",2014
"Current User","Joint Decision",0.627972726952859,"GHIR72FL.DTA","Ghana",2014
"Current User","Other",0.00501071611907806,"GHIR72FL.DTA","Ghana",2014
"Current User","Mainly Respondent",0.175597205664593,"GUIR71FL.DTA","Guatemala",2014
"Current User","Mainly Husband, Partner",0.0838434077074723,"GUIR71FL.DTA","Guatemala",2014
"Current User","Joint Decision",0.737551466218798,"GUIR71FL.DTA","Guatemala",2014
"Current User","Other",0.00300792040913639,"GUIR71FL.DTA","Guatemala",2014
"Current User","Mainly Respondent",0.654700378053917,"GNIR71FL.DTA","Guinea",2018
"Current User","Mainly Husband, Partner",0.148562140756725,"GNIR71FL.DTA","Guinea",2018
"Current User","Joint Decision",0.196737481189357,"GNIR71FL.DTA","Guinea",2018
"Never User","Mainly Respondent",0.57485991115003,"GNIR71FL.DTA","Guinea",2018
"Never User","Mainly Husband, Partner",0.205225092342159,"GNIR71FL.DTA","Guinea",2018
"Never User","Joint Decision",0.172298641797363,"GNIR71FL.DTA","Guinea",2018
"Never User","Other",0.0476163547104474,"GNIR71FL.DTA","Guinea",2018
"Former User","Mainly Respondent",0.616179573308094,"GNIR71FL.DTA","Guinea",2018
"Former User","Mainly Husband, Partner",0.1934095019763,"GNIR71FL.DTA","Guinea",2018
"Former User","Joint Decision",0.167703332551397,"GNIR71FL.DTA","Guinea",2018
"Former User","Other",0.022707592164209,"GNIR71FL.DTA","Guinea",2018
"Current User","Mainly Respondent",0.527177460871455,"GNIR62FL.DTA","Guinea",2012
"Current User","Mainly Husband, Partner",0.0811357824916087,"GNIR62FL.DTA","Guinea",2012
"Current User","Joint Decision",0.389462041676596,"GNIR62FL.DTA","Guinea",2012
"Current User","Other",0.00222471496033959,"GNIR62FL.DTA","Guinea",2012
"Current User","Mainly Respondent",0.192527578522693,"HNIR62FL.DTA","Honduras",2011
"Current User","Mainly Husband, Partner",0.113420547940343,"HNIR62FL.DTA","Honduras",2011
"Current User","Joint Decision",0.685970021401854,"HNIR62FL.DTA","Honduras",2011
"Current User","Other",0.00627399096769715,"HNIR62FL.DTA","Honduras",2011
"Current User","Missing",0.00180786116741304,"HNIR62FL.DTA","Honduras",2011
"Current User","Mainly Respondent",0.10114527341416,"IAIR7DFL.DTA","India",2019
"Current User","Mainly Husband, Partner",0.0800275955442834,"IAIR7DFL.DTA","India",2019
"Current User","Joint Decision",0.817403519839048,"IAIR7DFL.DTA","India",2019
"Current User","Other",0.00142361120250879,"IAIR7DFL.DTA","India",2019
"Current User","Mainly Respondent",0.0823247155672946,"IAIR73FL.DTA","India",2015
"Current User","Mainly Husband, Partner",0.0825727636505137,"IAIR73FL.DTA","India",2015
"Current User","Joint Decision",0.833912366265809,"IAIR73FL.DTA","India",2015
"Current User","Other",0.00119015451638225,"IAIR73FL.DTA","India",2015
"Current User","Mainly Respondent",0.353286058749329,"IDIR71FL.DTA","Indonesia",2017
"Current User","Mainly Husband, Partner",0.0722852854466354,"IDIR71FL.DTA","Indonesia",2017
"Current User","Joint Decision",0.571674803206359,"IDIR71FL.DTA","Indonesia",2017
"Current User","Other",0.00275385259767588,"IDIR71FL.DTA","Indonesia",2017
"Never User","Mainly Respondent",0.281670843379532,"IDIR71FL.DTA","Indonesia",2017
"Never User","Mainly Husband, Partner",0.101532534707254,"IDIR71FL.DTA","Indonesia",2017
"Never User","Joint Decision",0.6029466060654,"IDIR71FL.DTA","Indonesia",2017
"Never User","Other",0.0138500158478136,"IDIR71FL.DTA","Indonesia",2017
"Former User","Mainly Respondent",0.436360513408151,"IDIR71FL.DTA","Indonesia",2017
"Former User","Mainly Husband, Partner",0.0691074424887276,"IDIR71FL.DTA","Indonesia",2017
"Former User","Joint Decision",0.476538732549754,"IDIR71FL.DTA","Indonesia",2017
"Former User","Other",0.0179933115533665,"IDIR71FL.DTA","Indonesia",2017
"Current User","Mainly Respondent",0.329074376174967,"IDIR63FL.DTA","Indonesia",2012
"Current User","Mainly Husband, Partner",0.0837631026108491,"IDIR63FL.DTA","Indonesia",2012
"Current User","Joint Decision",0.58537588695505,"IDIR63FL.DTA","Indonesia",2012
"Current User","Other",0.0017866342591343,"IDIR63FL.DTA","Indonesia",2012
"Current User","Mainly Respondent",0.0842052570373237,"JOIR72FL.DTA","Jordan",2017
"Current User","Mainly Husband, Partner",0.0699246404451726,"JOIR72FL.DTA","Jordan",2017
"Current User","Joint Decision",0.845423690956756,"JOIR72FL.DTA","Jordan",2017
"Current User","Other",0.000446411560747834,"JOIR72FL.DTA","Jordan",2017
"Never User","Mainly Respondent",0.118379526066842,"JOIR72FL.DTA","Jordan",2017
"Never User","Mainly Husband, Partner",0.121796179200151,"JOIR72FL.DTA","Jordan",2017
"Never User","Joint Decision",0.750537744609531,"JOIR72FL.DTA","Jordan",2017
"Never User","Other",0.00928655012347593,"JOIR72FL.DTA","Jordan",2017
"Former User","Mainly Respondent",0.11965006252514,"JOIR72FL.DTA","Jordan",2017
"Former User","Mainly Husband, Partner",0.0758386760993717,"JOIR72FL.DTA","Jordan",2017
"Former User","Joint Decision",0.797935569441658,"JOIR72FL.DTA","Jordan",2017
"Former User","Other",0.00657569193383005,"JOIR72FL.DTA","Jordan",2017
"Current User","Mainly Respondent",0.163231034090651,"JOIR6CFL.DTA","Jordan",2012
"Current User","Mainly Husband",0.0459429238400353,"JOIR6CFL.DTA","Jordan",2012
"Current User","Joint Decision",0.78974270124708,"JOIR6CFL.DTA","Jordan",2012
"Current User","Other",0.00108334082223302,"JOIR6CFL.DTA","Jordan",2012
"Current User","Mainly Respondent",0.310287193566865,"KEIR72FL.DTA","Kenya",2014
"Current User","Mainly Husband, Partner",0.104492640383596,"KEIR72FL.DTA","Kenya",2014
"Current User","Joint Decision",0.58398301625728,"KEIR72FL.DTA","Kenya",2014
"Current User","Other",0.00123714979225853,"KEIR72FL.DTA","Kenya",2014
"Current User","Mainly Respondent",0.387732483008899,"KYIR61FL.DTA","Kyrgyz Republic",2012
"Current User","Mainly Husband, Partner",0.0520487819678562,"KYIR61FL.DTA","Kyrgyz Republic",2012
"Current User","Joint Decision",0.558661857238688,"KYIR61FL.DTA","Kyrgyz Republic",2012
"Current User","Other",0.00155687778455658,"KYIR61FL.DTA","Kyrgyz Republic",2012
"Current User","Mainly Respondent",0.175926529001444,"LSIR71FL.DTA","Lesotho",2014
"Current User","Mainly Husband, Partner",0.0630373967444284,"LSIR71FL.DTA","Lesotho",2014
"Current User","Joint Decision",0.754544214442639,"LSIR71FL.DTA","Lesotho",2014
"Current User","Other",0.00649185981148841,"LSIR71FL.DTA","Lesotho",2014
"Current User","Mainly Respondent",0.381004256370424,"LBIR7AFL.DTA","Liberia",2019
"Current User","Mainly Husband, Partner",0.130671181565066,"LBIR7AFL.DTA","Liberia",2019
"Current User","Joint Decision",0.483528829488421,"LBIR7AFL.DTA","Liberia",2019
"Current User","Other",0.00479573257608897,"LBIR7AFL.DTA","Liberia",2019
"Never User","Mainly Respondent",0.479390442532329,"LBIR7AFL.DTA","Liberia",2019
"Never User","Mainly Husband, Partner",0.185803493703828,"LBIR7AFL.DTA","Liberia",2019
"Never User","Joint Decision",0.312343552334319,"LBIR7AFL.DTA","Liberia",2019
"Never User","Other",0.0224625114295235,"LBIR7AFL.DTA","Liberia",2019
"Former User","Mainly Respondent",0.575766982483336,"LBIR7AFL.DTA","Liberia",2019
"Former User","Mainly Husband, Partner",0.111840723445262,"LBIR7AFL.DTA","Liberia",2019
"Former User","Joint Decision",0.301823671090095,"LBIR7AFL.DTA","Liberia",2019
"Former User","Other",0.0105686229813072,"LBIR7AFL.DTA","Liberia",2019
"Current User","Mainly Respondent",0.386778970160767,"LBIR6AFL.DTA","Liberia",2013
"Current User","Mainly Husband, Partner",0.0940718788314472,"LBIR6AFL.DTA","Liberia",2013
"Current User","Joint Decision",0.499296414425336,"LBIR6AFL.DTA","Liberia",2013
"Current User","Other",0.0130396426506975,"LBIR6AFL.DTA","Liberia",2013
"Current User","Missing",0.00681309393175285,"LBIR6AFL.DTA","Liberia",2013
"Current User","Mainly Respondent",0.144768571630641,"MDIR81FL.DTA","Madagascar",2021
"Current User","Mainly Husband, Partner",0.0497893734321743,"MDIR81FL.DTA","Madagascar",2021
"Current User","Joint Decision",0.802564060425313,"MDIR81FL.DTA","Madagascar",2021
"Current User","Other",0.0028779945118715,"MDIR81FL.DTA","Madagascar",2021
"Never User","Mainly Respondent",0.290287668107197,"MDIR81FL.DTA","Madagascar",2021
"Never User","Mainly Husband, Partner",0.088365707694796,"MDIR81FL.DTA","Madagascar",2021
"Never User","Joint Decision",0.597837031097671,"MDIR81FL.DTA","Madagascar",2021
"Never User","Other",0.0235095931003366,"MDIR81FL.DTA","Madagascar",2021
"Former User","Mainly Respondent",0.280849060767264,"MDIR81FL.DTA","Madagascar",2021
"Former User","Mainly Husband, Partner",0.0519767614787839,"MDIR81FL.DTA","Madagascar",2021
"Former User","Joint Decision",0.645362768179982,"MDIR81FL.DTA","Madagascar",2021
"Former User","Other",0.0218114095739703,"MDIR81FL.DTA","Madagascar",2021
"Current User","Mainly Respondent",0.127985842594874,"MWIR7AFL.DTA","Malawi",2015
"Current User","Mainly Husband, Partner",0.0646121276596722,"MWIR7AFL.DTA","Malawi",2015
"Current User","Joint Decision",0.797441522410876,"MWIR7AFL.DTA","Malawi",2015
"Current User","Other",0.0099605073345773,"MWIR7AFL.DTA","Malawi",2015
"Never User","Mainly Respondent",0.326033538990778,"MWIR7AFL.DTA","Malawi",2015
"Never User","Mainly Husband, Partner",0.0972091864911684,"MWIR7AFL.DTA","Malawi",2015
"Never User","Joint Decision",0.525098176872774,"MWIR7AFL.DTA","Malawi",2015
"Never User","Other",0.05165909764528,"MWIR7AFL.DTA","Malawi",2015
"Former User","Mainly Respondent",0.298593253303134,"MWIR7AFL.DTA","Malawi",2015
"Former User","Mainly Husband, Partner",0.0760274958356834,"MWIR7AFL.DTA","Malawi",2015
"Former User","Joint Decision",0.591841574299641,"MWIR7AFL.DTA","Malawi",2015
"Former User","Other",0.0335376765615418,"MWIR7AFL.DTA","Malawi",2015
"Current User","Mainly Respondent",0.0410632490614592,"MVIR71FL.DTA","Maldives",2016
"Current User","Mainly Husband, Partner",0.0547911074565991,"MVIR71FL.DTA","Maldives",2016
"Current User","Joint Decision",0.887268207850115,"MVIR71FL.DTA","Maldives",2016
"Current User","Other",0.0168774356318265,"MVIR71FL.DTA","Maldives",2016
"Never User","Mainly Respondent",0.039302754363959,"MVIR71FL.DTA","Maldives",2016
"Never User","Mainly Husband, Partner",0.08349830638449,"MVIR71FL.DTA","Maldives",2016
"Never User","Joint Decision",0.743449501930032,"MVIR71FL.DTA","Maldives",2016
"Never User","Other",0.133749437321519,"MVIR71FL.DTA","Maldives",2016
"Former User","Mainly Respondent",0.0626557551051954,"MVIR71FL.DTA","Maldives",2016
"Former User","Mainly Husband, Partner",0.0487717541519816,"MVIR71FL.DTA","Maldives",2016
"Former User","Joint Decision",0.864747012961975,"MVIR71FL.DTA","Maldives",2016
"Former User","Other",0.0238254777808482,"MVIR71FL.DTA","Maldives",2016
"Current User","Mainly Respondent",0.382961399585842,"MLIR7HFL.DTA","Mali",2018
"Current User","Mainly Husband, Partner",0.22529534867833,"MLIR7HFL.DTA","Mali",2018
"Current User","Joint Decision",0.38355454631029,"MLIR7HFL.DTA","Mali",2018
"Current User","Other",0.008188705425538,"MLIR7HFL.DTA","Mali",2018
"Never User","Mainly Respondent",0.485217013293644,"MLIR7HFL.DTA","Mali",2018
"Never User","Mainly Husband, Partner",0.354932426069695,"MLIR7HFL.DTA","Mali",2018
"Never User","Joint Decision",0.121449620239809,"MLIR7HFL.DTA","Mali",2018
"Never User","Other",0.0384009403968522,"MLIR7HFL.DTA","Mali",2018
"Former User","Mainly Respondent",0.529915066924852,"MLIR7HFL.DTA","Mali",2018
"Former User","Mainly Husband, Partner",0.215975077670429,"MLIR7HFL.DTA","Mali",2018
"Former User","Joint Decision",0.216424313848496,"MLIR7HFL.DTA","Mali",2018
"Former User","Other",0.0376855415562227,"MLIR7HFL.DTA","Mali",2018
"Current User","Mainly Respondent",0.441647735354032,"MLIR6AFL.DTA","Mali",2012
"Current User","Mainly Husband, Partner",0.189366263432596,"MLIR6AFL.DTA","Mali",2012
"Current User","Joint Decision",0.368307093803755,"MLIR6AFL.DTA","Mali",2012
"Current User","Other",0.000678907409616379,"MLIR6AFL.DTA","Mali",2012
"Current User","Mainly Respondent",0.236351894686817,"MRIR71FL.DTA","Mauritania",2019
"Current User","Mainly Husband, Partner",0.132416350794649,"MRIR71FL.DTA","Mauritania",2019
"Current User","Joint Decision",0.627757934389536,"MRIR71FL.DTA","Mauritania",2019
"Current User","Other",0.00347382012899811,"MRIR71FL.DTA","Mauritania",2019
"Never User","Mainly Respondent",0.358276431382824,"MRIR71FL.DTA","Mauritania",2019
"Never User","Mainly Husband, Partner",0.228230898835108,"MRIR71FL.DTA","Mauritania",2019
"Never User","Joint Decision",0.388384713068151,"MRIR71FL.DTA","Mauritania",2019
"Never User","Other",0.0251079567139167,"MRIR71FL.DTA","Mauritania",2019
"Former User","Mainly Respondent",0.35133366612439,"MRIR71FL.DTA","Mauritania",2019
"Former User","Mainly Husband, Partner",0.12229680001769,"MRIR71FL.DTA","Mauritania",2019
"Former User","Joint Decision",0.515343544256002,"MRIR71FL.DTA","Mauritania",2019
"Former User","Other",0.0110259896019183,"MRIR71FL.DTA","Mauritania",2019
"Current User","Mainly Respondent",0.326769001282419,"MZIR62FL.DTA","Mozambique",2011
"Current User","Mainly Husband, Partner",0.149610355687541,"MZIR62FL.DTA","Mozambique",2011
"Current User","Joint Decision",0.519737337939827,"MZIR62FL.DTA","Mozambique",2011
"Current User","Other",0.00388330509021297,"MZIR62FL.DTA","Mozambique",2011
"Current User","Mainly Respondent",0.189997322073409,"NPIR7HFL.DTA","Nepal",2016
"Current User","Mainly Husband, Partner",0.146126755569383,"NPIR7HFL.DTA","Nepal",2016
"Current User","Joint Decision",0.662348970315948,"NPIR7HFL.DTA","Nepal",2016
"Current User","Other",0.00152695204126063,"NPIR7HFL.DTA","Nepal",2016
"Never User","Mainly Respondent",0.178452851476292,"NPIR7HFL.DTA","Nepal",2016
"Never User","Mainly Husband, Partner",0.123356261075539,"NPIR7HFL.DTA","Nepal",2016
"Never User","Joint Decision",0.670403218964959,"NPIR7HFL.DTA","Nepal",2016
"Never User","Other",0.0277876684832094,"NPIR7HFL.DTA","Nepal",2016
"Former User","Mainly Respondent",0.299621100292056,"NPIR7HFL.DTA","Nepal",2016
"Former User","Mainly Husband, Partner",0.101327515723038,"NPIR7HFL.DTA","Nepal",2016
"Former User","Joint Decision",0.584782247185436,"NPIR7HFL.DTA","Nepal",2016
"Former User","Other",0.0142691367994698,"NPIR7HFL.DTA","Nepal",2016
"Current User","Mainly Respondent",0.180358499777394,"NPIR60FL.DTA","Nepal",2011
"Current User","Mainly Husband, Partner",0.124474895058311,"NPIR60FL.DTA","Nepal",2011
"Current User","Joint Decision",0.693438007985435,"NPIR60FL.DTA","Nepal",2011
"Current User","Other",0.00172859717885954,"NPIR60FL.DTA","Nepal",2011
"Current User","Mainly Respondent",0.433596336801561,"NIIR61FL.DTA","Niger",2012
"Current User","Mainly Husband, Partner",0.109776248887878,"NIIR61FL.DTA","Niger",2012
"Current User","Joint Decision",0.308966617975987,"NIIR61FL.DTA","Niger",2012
"Current User","Other",0.112248467799721,"NIIR61FL.DTA","Niger",2012
"Current User","Missing",0.0354123285348522,"NIIR61FL.DTA","Niger",2012
"Current User","Mainly Respondent",0.232288991772965,"NGIR7AFL.DTA","Nigeria",2018
"Current User","Mainly Husband, Partner",0.101454477305669,"NGIR7AFL.DTA","Nigeria",2018
"Current User","Joint Decision",0.663410531075203,"NGIR7AFL.DTA","Nigeria",2018
"Current User","Other",0.00284599984616255,"NGIR7AFL.DTA","Nigeria",2018
"Never User","Mainly Respondent",0.379609749815095,"NGIR7AFL.DTA","Nigeria",2018
"Never User","Mainly Husband, Partner",0.206049905022863,"NGIR7AFL.DTA","Nigeria",2018
"Never User","Joint Decision",0.39842280539513,"NGIR7AFL.DTA","Nigeria",2018
"Never User","Other",0.0159175397669124,"NGIR7AFL.DTA","Nigeria",2018
"Former User","Mainly Respondent",0.372500358099563,"NGIR7AFL.DTA","Nigeria",2018
"Former User","Mainly Husband, Partner",0.109927440904094,"NGIR7AFL.DTA","Nigeria",2018
"Former User","Joint Decision",0.487867067015218,"NGIR7AFL.DTA","Nigeria",2018
"Former User","Other",0.0297051339811252,"NGIR7AFL.DTA","Nigeria",2018
"Current User","Mainly Respondent",0.202155517159375,"NGIR6AFL.DTA","Nigeria",2013
"Current User","Mainly Husband, Partner",0.147989164831571,"NGIR6AFL.DTA","Nigeria",2013
"Current User","Joint Decision",0.61512941395269,"NGIR6AFL.DTA","Nigeria",2013
"Current User","Other",0.00110069225161559,"NGIR6AFL.DTA","Nigeria",2013
"Current User","Missing",0.0336252118047486,"NGIR6AFL.DTA","Nigeria",2013
"Current User","Mainly Respondent",0.0702969257298567,"PKIR71FL.DTA","Pakistan",2017
"Current User","Mainly Husband, Partner",0.0576711009364555,"PKIR71FL.DTA","Pakistan",2017
"Current User","Joint Decision",0.870920860790528,"PKIR71FL.DTA","Pakistan",2017
"Current User","Other",0.00111111254315943,"PKIR71FL.DTA","Pakistan",2017
"Never User","Mainly Respondent",0.0805040383906351,"PKIR71FL.DTA","Pakistan",2017
"Never User","Mainly Husband, Partner",0.170486104720874,"PKIR71FL.DTA","Pakistan",2017
"Never User","Joint Decision",0.702046484580909,"PKIR71FL.DTA","Pakistan",2017
"Never User","Other",0.0469633723075819,"PKIR71FL.DTA","Pakistan",2017
"Former User","Mainly Respondent",0.140475439637273,"PKIR71FL.DTA","Pakistan",2017
"Former User","Mainly Husband, Partner",0.0879578208372181,"PKIR71FL.DTA","Pakistan",2017
"Former User","Joint Decision",0.685250561287307,"PKIR71FL.DTA","Pakistan",2017
"Former User","Other",0.0863161782382025,"PKIR71FL.DTA","Pakistan",2017
"Current User","Mainly Respondent",0.10406527791523,"PHIR61FL.DTA","Philippines",2013
"Current User","Mainly Husband, Partner",0.0710922411204548,"PHIR61FL.DTA","Philippines",2013
"Current User","Joint Decision",0.818431265500012,"PHIR61FL.DTA","Philippines",2013
"Current User","Other",0.00402759605977908,"PHIR61FL.DTA","Philippines",2013
"Current User","Missing",0.00238361940452422,"PHIR61FL.DTA","Philippines",2013
"Current User","Mainly Respondent",0.0960440267753646,"RWIR81FL.DTA","Rwanda",2019
"Current User","Mainly Husband, Partner",0.0262223903288371,"RWIR81FL.DTA","Rwanda",2019
"Current User","Joint Decision",0.875108727546987,"RWIR81FL.DTA","Rwanda",2019
"Current User","Other",0.00262485534881097,"RWIR81FL.DTA","Rwanda",2019
"Never User","Mainly Respondent",0.27195120497479,"RWIR81FL.DTA","Rwanda",2019
"Never User","Mainly Husband, Partner",0.0422099232466472,"RWIR81FL.DTA","Rwanda",2019
"Never User","Joint Decision",0.592064449789879,"RWIR81FL.DTA","Rwanda",2019
"Never User","Other",0.0937744219886845,"RWIR81FL.DTA","Rwanda",2019
"Former User","Mainly Respondent",0.330404330706351,"RWIR81FL.DTA","Rwanda",2019
"Former User","Mainly Husband, Partner",0.0408584877695714,"RWIR81FL.DTA","Rwanda",2019
"Former User","Joint Decision",0.586114510789522,"RWIR81FL.DTA","Rwanda",2019
"Former User","Other",0.0426226707345557,"RWIR81FL.DTA","Rwanda",2019
"Current User","Mainly Respondent",0.0871590247846108,"RWIR70FL.DTA","Rwanda",2014
"Current User","Mainly Husband, Partner",0.0203594415694053,"RWIR70FL.DTA","Rwanda",2014
"Current User","Joint Decision",0.891657115145185,"RWIR70FL.DTA","Rwanda",2014
"Current User","Other",0.000824418500799051,"RWIR70FL.DTA","Rwanda",2014
"Current User","Mainly Respondent",0.0807766620143839,"RWIR61FL.DTA","Rwanda",2010
"Current User","Mainly Husband, Partner",0.0319706321376237,"RWIR61FL.DTA","Rwanda",2010
"Current User","Joint Decision",0.880665817305212,"RWIR61FL.DTA","Rwanda",2010
"Current User","Other",0.00245913219685571,"RWIR61FL.DTA","Rwanda",2010
"Current User","Missing",0.00412775634592501,"RWIR61FL.DTA","Rwanda",2010
"Current User","Mainly Respondent",0.20812924992543,"SNIR8AFL.DTA","Senegal",2019
"Current User","Mainly Husband, Partner",0.170519804112914,"SNIR8AFL.DTA","Senegal",2019
"Current User","Joint Decision",0.610545452178784,"SNIR8AFL.DTA","Senegal",2019
"Current User","Other",0.0108054937828711,"SNIR8AFL.DTA","Senegal",2019
"Never User","Mainly Respondent",0.480008704882612,"SNIR8AFL.DTA","Senegal",2019
"Never User","Mainly Husband, Partner",0.302511611313816,"SNIR8AFL.DTA","Senegal",2019
"Never User","Joint Decision",0.185433550927903,"SNIR8AFL.DTA","Senegal",2019
"Never User","Other",0.0320461328756691,"SNIR8AFL.DTA","Senegal",2019
"Former User","Mainly Respondent",0.548921673155792,"SNIR8AFL.DTA","Senegal",2019
"Former User","Mainly Husband, Partner",0.149298487316083,"SNIR8AFL.DTA","Senegal",2019
"Former User","Joint Decision",0.283209527313474,"SNIR8AFL.DTA","Senegal",2019
"Former User","Other",0.0185703122146512,"SNIR8AFL.DTA","Senegal",2019
"Current User","Mainly Respondent",0.199467202597798,"SNIR80FL.DTA","Senegal",2018
"Current User","Mainly Husband, Partner",0.103807267834742,"SNIR80FL.DTA","Senegal",2018
"Current User","Joint Decision",0.670222740106688,"SNIR80FL.DTA","Senegal",2018
"Current User","Other",0.0265027894607708,"SNIR80FL.DTA","Senegal",2018
"Never User","Mainly Respondent",0.556896289343925,"SNIR80FL.DTA","Senegal",2018
"Never User","Mainly Husband, Partner",0.234741461854683,"SNIR80FL.DTA","Senegal",2018
"Never User","Joint Decision",0.186825870974811,"SNIR80FL.DTA","Senegal",2018
"Never User","Other",0.021536377826581,"SNIR80FL.DTA","Senegal",2018
"Former User","Mainly Respondent",0.56907056187252,"SNIR80FL.DTA","Senegal",2018
"Former User","Mainly Husband, Partner",0.172442878954141,"SNIR80FL.DTA","Senegal",2018
"Former User","Joint Decision",0.234418986617104,"SNIR80FL.DTA","Senegal",2018
"Former User","Other",0.0240675725562338,"SNIR80FL.DTA","Senegal",2018
"Current User","Mainly Respondent",0.247925781273663,"SNIR7ZFL.DTA","Senegal",2017
"Current User","Mainly Husband, Partner",0.118768394896158,"SNIR7ZFL.DTA","Senegal",2017
"Current User","Joint Decision",0.598302551139353,"SNIR7ZFL.DTA","Senegal",2017
"Current User","Other",0.0350032726908258,"SNIR7ZFL.DTA","Senegal",2017
"Never User","Mainly Respondent",0.579197524188298,"SNIR7ZFL.DTA","Senegal",2017
"Never User","Mainly Husband, Partner",0.169070747487417,"SNIR7ZFL.DTA","Senegal",2017
"Never User","Joint Decision",0.197184631386771,"SNIR7ZFL.DTA","Senegal",2017
"Never User","Other",0.0545470969375142,"SNIR7ZFL.DTA","Senegal",2017
"Former User","Mainly Respondent",0.550789649020144,"SNIR7ZFL.DTA","Senegal",2017
"Former User","Mainly Husband, Partner",0.143086256057845,"SNIR7ZFL.DTA","Senegal",2017
"Former User","Joint Decision",0.274763579206329,"SNIR7ZFL.DTA","Senegal",2017
"Former User","Other",0.0313605157156827,"SNIR7ZFL.DTA","Senegal",2017
"Current User","Mainly Respondent",0.193466672185734,"SNIR7QFL.DTA","Senegal",2016
"Current User","Mainly Husband, Partner",0.0733505682247574,"SNIR7QFL.DTA","Senegal",2016
"Current User","Joint Decision",0.695398613927256,"SNIR7QFL.DTA","Senegal",2016
"Current User","Other",0.0377841456622527,"SNIR7QFL.DTA","Senegal",2016
"Current User","Mainly Respondent",0.191098878443162,"SNIR7HFL.DTA","Senegal",2015
"Current User","Mainly Husband, Partner",0.111607423576092,"SNIR7HFL.DTA","Senegal",2015
"Current User","Joint Decision",0.68417461844346,"SNIR7HFL.DTA","Senegal",2015
"Current User","Other",0.013119079537286,"SNIR7HFL.DTA","Senegal",2015
"Current User","Mainly Respondent",0.240714377147835,"SNIR70FL.DTA","Senegal",2014
"Current User","Mainly Husband, Partner",0.0739077471332276,"SNIR70FL.DTA","Senegal",2014
"Current User","Joint Decision",0.685377875718938,"SNIR70FL.DTA","Senegal",2014
"Current User","Mainly Respondent",0.211393934871467,"SNIR6DFL.DTA","Senegal",2012
"Current User","Mainly Husband, Partner",0.110132163881726,"SNIR6DFL.DTA","Senegal",2012
"Current User","Joint Decision",0.67691194062326,"SNIR6DFL.DTA","Senegal",2012
"Current User","Other",0.00156196062354741,"SNIR6DFL.DTA","Senegal",2012
"Current User","Mainly Respondent",0.25071352488601,"SNIR61FL.DTA","Senegal",2010
"Current User","Mainly Husband, Partner",0.141828673443827,"SNIR61FL.DTA","Senegal",2010
"Current User","Joint Decision",0.58104952867125,"SNIR61FL.DTA","Senegal",2010
"Current User","Other",0.0264082729989129,"SNIR61FL.DTA","Senegal",2010
"Current User","Mainly Respondent",0.496847420521904,"SLIR7AFL.DTA","Sierra Leone",2019
"Current User","Mainly Husband, Partner",0.148394500875058,"SLIR7AFL.DTA","Sierra Leone",2019
"Current User","Joint Decision",0.354562909713415,"SLIR7AFL.DTA","Sierra Leone",2019
"Current User","Other",0.000195168889622158,"SLIR7AFL.DTA","Sierra Leone",2019
"Never User","Mainly Respondent",0.513105571296621,"SLIR7AFL.DTA","Sierra Leone",2019
"Never User","Mainly Husband, Partner",0.21969571969504,"SLIR7AFL.DTA","Sierra Leone",2019
"Never User","Joint Decision",0.225577055939163,"SLIR7AFL.DTA","Sierra Leone",2019
"Never User","Other",0.0416216530691756,"SLIR7AFL.DTA","Sierra Leone",2019
"Former User","Mainly Respondent",0.552349963432498,"SLIR7AFL.DTA","Sierra Leone",2019
"Former User","Mainly Husband, Partner",0.139593230635933,"SLIR7AFL.DTA","Sierra Leone",2019
"Former User","Joint Decision",0.267517623443368,"SLIR7AFL.DTA","Sierra Leone",2019
"Former User","Other",0.0405391824882009,"SLIR7AFL.DTA","Sierra Leone",2019
"Current User","Mainly Respondent",0.445655376035075,"SLIR61FL.DTA","Sierra Leone",2013
"Current User","Mainly Husband, Partner",0.1689784751398,"SLIR61FL.DTA","Sierra Leone",2013
"Current User","Joint Decision",0.356520030508754,"SLIR61FL.DTA","Sierra Leone",2013
"Current User","Other",0.00466967495688356,"SLIR61FL.DTA","Sierra Leone",2013
"Current User","Missing",0.0241764433594874,"SLIR61FL.DTA","Sierra Leone",2013
"Current User","Mainly Respondent",0.414060278172643,"ZAIR71FL.DTA","South Africa",2016
"Current User","Mainly Husband, Partner",0.108212348970873,"ZAIR71FL.DTA","South Africa",2016
"Current User","Joint Decision",0.471831712801333,"ZAIR71FL.DTA","South Africa",2016
"Current User","Other",0.00589566005515135,"ZAIR71FL.DTA","South Africa",2016
"Never User","Mainly Respondent",0.337063085694828,"ZAIR71FL.DTA","South Africa",2016
"Never User","Mainly Husband, Partner",0.203341506629127,"ZAIR71FL.DTA","South Africa",2016
"Never User","Joint Decision",0.421737832509667,"ZAIR71FL.DTA","South Africa",2016
"Never User","Other",0.0378575751663781,"ZAIR71FL.DTA","South Africa",2016
"Former User","Mainly Respondent",0.415476728600556,"ZAIR71FL.DTA","South Africa",2016
"Former User","Mainly Husband, Partner",0.146185132115578,"ZAIR71FL.DTA","South Africa",2016
"Former User","Joint Decision",0.426903759492383,"ZAIR71FL.DTA","South Africa",2016
"Former User","Other",0.0114343797914826,"ZAIR71FL.DTA","South Africa",2016
"Current User","Mainly Respondent",0.254846760348485,"TJIR71FL.DTA","Tajikistan",2017
"Current User","Mainly Husband, Partner",0.167259091864235,"TJIR71FL.DTA","Tajikistan",2017
"Current User","Joint Decision",0.574466791298808,"TJIR71FL.DTA","Tajikistan",2017
"Current User","Other",0.00342735648847091,"TJIR71FL.DTA","Tajikistan",2017
"Never User","Mainly Respondent",0.33199606037087,"TJIR71FL.DTA","Tajikistan",2017
"Never User","Mainly Husband, Partner",0.242415830166709,"TJIR71FL.DTA","Tajikistan",2017
"Never User","Joint Decision",0.425588109462421,"TJIR71FL.DTA","Tajikistan",2017
"Former User","Mainly Respondent",0.444527217943199,"TJIR71FL.DTA","Tajikistan",2017
"Former User","Mainly Husband, Partner",0.15164556979799,"TJIR71FL.DTA","Tajikistan",2017
"Former User","Joint Decision",0.403827212258811,"TJIR71FL.DTA","Tajikistan",2017
"Current User","Mainly Respondent",0.351046364079143,"TJIR61FL.DTA","Tajikistan",2012
"Current User","Mainly Husband, Partner",0.131712992940924,"TJIR61FL.DTA","Tajikistan",2012
"Current User","Joint Decision",0.51084806816956,"TJIR61FL.DTA","Tajikistan",2012
"Current User","Other",0.00639257481037254,"TJIR61FL.DTA","Tajikistan",2012
"Current User","Mainly Respondent",0.165213746029163,"TZIR7BFL.DTA","Tanzania",2015
"Current User","Mainly Husband, Partner",0.0355902608041544,"TZIR7BFL.DTA","Tanzania",2015
"Current User","Joint Decision",0.797666972506094,"TZIR7BFL.DTA","Tanzania",2015
"Current User","Other",0.00152902066058857,"TZIR7BFL.DTA","Tanzania",2015
"Never User","Mainly Respondent",0.342803403584185,"TZIR7BFL.DTA","Tanzania",2015
"Never User","Mainly Husband, Partner",0.135942600161309,"TZIR7BFL.DTA","Tanzania",2015
"Never User","Joint Decision",0.494694347396986,"TZIR7BFL.DTA","Tanzania",2015
"Never User","Other",0.0265596488575202,"TZIR7BFL.DTA","Tanzania",2015
"Former User","Mainly Respondent",0.320159724436133,"TZIR7BFL.DTA","Tanzania",2015
"Former User","Mainly Husband, Partner",0.0711889313553472,"TZIR7BFL.DTA","Tanzania",2015
"Former User","Joint Decision",0.583042482662432,"TZIR7BFL.DTA","Tanzania",2015
"Former User","Other",0.025608861546087,"TZIR7BFL.DTA","Tanzania",2015
"Current User","Mainly Respondent",0.0841408922433253,"TLIR71FL.DTA","Timor-Leste",2016
"Current User","Mainly Husband, Partner",0.0622201384255177,"TLIR71FL.DTA","Timor-Leste",2016
"Current User","Joint Decision",0.853638969331157,"TLIR71FL.DTA","Timor-Leste",2016
"Never User","Mainly Respondent",0.155958312226901,"TLIR71FL.DTA","Timor-Leste",2016
"Never User","Mainly Husband, Partner",0.0789744198611332,"TLIR71FL.DTA","Timor-Leste",2016
"Never User","Joint Decision",0.764918252458742,"TLIR71FL.DTA","Timor-Leste",2016
"Never User","Other",0.000149015453223694,"TLIR71FL.DTA","Timor-Leste",2016
"Former User","Mainly Respondent",0.177399944199968,"TLIR71FL.DTA","Timor-Leste",2016
"Former User","Mainly Husband, Partner",0.0700210659712358,"TLIR71FL.DTA","Timor-Leste",2016
"Former User","Joint Decision",0.750641622727689,"TLIR71FL.DTA","Timor-Leste",2016
"Former User","Other",0.00193736710110748,"TLIR71FL.DTA","Timor-Leste",2016
"Current User","Mainly Respondent",0.274101677688609,"TGIR61FL.DTA","Togo",2013
"Current User","Mainly Husband, Partner",0.153712946759941,"TGIR61FL.DTA","Togo",2013
"Current User","Joint Decision",0.568925166427579,"TGIR61FL.DTA","Togo",2013
"Current User","Other",0.00326020912387112,"TGIR61FL.DTA","Togo",2013
"Current User","Mainly Respondent",0.306352646993124,"UGIR7BFL.DTA","Uganda",2016
"Current User","Mainly Husband, Partner",0.0712762282270267,"UGIR7BFL.DTA","Uganda",2016
"Current User","Joint Decision",0.619828759853159,"UGIR7BFL.DTA","Uganda",2016
"Current User","Other",0.00254236492669094,"UGIR7BFL.DTA","Uganda",2016
"Never User","Mainly Respondent",0.387512230500042,"UGIR7BFL.DTA","Uganda",2016
"Never User","Mainly Husband, Partner",0.136092492944068,"UGIR7BFL.DTA","Uganda",2016
"Never User","Joint Decision",0.431558267281801,"UGIR7BFL.DTA","Uganda",2016
"Never User","Other",0.0448370092740886,"UGIR7BFL.DTA","Uganda",2016
"Former User","Mainly Respondent",0.431631726690224,"UGIR7BFL.DTA","Uganda",2016
"Former User","Mainly Husband, Partner",0.108718536894341,"UGIR7BFL.DTA","Uganda",2016
"Former User","Joint Decision",0.440830196396682,"UGIR7BFL.DTA","Uganda",2016
"Former User","Other",0.018819540018753,"UGIR7BFL.DTA","Uganda",2016
"Current User","Mainly Respondent",0.340875097449509,"UGIR60FL.DTA","Uganda",2011
"Current User","Mainly Husband, Partner",0.104330474035535,"UGIR60FL.DTA","Uganda",2011
"Current User","Joint Decision",0.55259263901534,"UGIR60FL.DTA","Uganda",2011
"Current User","Other",0.00166922990193657,"UGIR60FL.DTA","Uganda",2011
"Current User","Missing",0.000532559597679629,"UGIR60FL.DTA","Uganda",2011
"Current User","Mainly Respondent",0.150760325456512,"ZMIR71FL.DTA","Zambia",2018
"Current User","Mainly Husband, Partner",0.109059831864947,"ZMIR71FL.DTA","Zambia",2018
"Current User","Joint Decision",0.738233845961811,"ZMIR71FL.DTA","Zambia",2018
"Current User","Other",0.00194599671673043,"ZMIR71FL.DTA","Zambia",2018
"Never User","Mainly Respondent",0.290161928820649,"ZMIR71FL.DTA","Zambia",2018
"Never User","Mainly Husband, Partner",0.116851089647948,"ZMIR71FL.DTA","Zambia",2018
"Never User","Joint Decision",0.544217973638662,"ZMIR71FL.DTA","Zambia",2018
"Never User","Other",0.0487690078927413,"ZMIR71FL.DTA","Zambia",2018
"Former User","Mainly Respondent",0.295050930758757,"ZMIR71FL.DTA","Zambia",2018
"Former User","Mainly Husband, Partner",0.127149641873816,"ZMIR71FL.DTA","Zambia",2018
"Former User","Joint Decision",0.563270787324979,"ZMIR71FL.DTA","Zambia",2018
"Former User","Other",0.0145286400424479,"ZMIR71FL.DTA","Zambia",2018
"Current User","Mainly Respondent",0.185575991778184,"ZMIR61FL.DTA","Zambia",2013
"Current User","Mainly Husband, Partner",0.16125987670189,"ZMIR61FL.DTA","Zambia",2013
"Current User","Joint Decision",0.646489621031842,"ZMIR61FL.DTA","Zambia",2013
"Current User","Other",0.00667451048808443,"ZMIR61FL.DTA","Zambia",2013
"Current User","Mainly Respondent",0.169980842723012,"ZWIR71FL.DTA","Zimbabwe",2015
"Current User","Mainly Husband, Partner",0.0634520231682769,"ZWIR71FL.DTA","Zimbabwe",2015
"Current User","Joint Decision",0.761950000347712,"ZWIR71FL.DTA","Zimbabwe",2015
"Current User","Other",0.00461713376099875,"ZWIR71FL.DTA","Zimbabwe",2015
"Current User","Mainly Respondent",0.182822961382145,"ZWIR62FL.DTA","Zimbabwe",2010
"Current User","Mainly Husband, Partner",0.111924161309841,"ZWIR62FL.DTA","Zimbabwe",2010
"Current User","Joint Decision",0.701853725154304,"ZWIR62FL.DTA","Zimbabwe",2010
"Current User","Other",0.00326670330167097,"ZWIR62FL.DTA","Zimbabwe",2010
"Current User","Missing",0.000132448852040137,"ZWIR62FL.DTA","Zimbabwe",2010
